id,time,xloc_kf,yloc_kf,lane_kf,type_most_common,case_id,intersection_id,intersection_name,movement_name
719,1072.2,64.01377182247842,35.35865706608235,41,4,719_1_2_5_I_WB_->_23_SB_middle,1,I ST. & 23 ST.,I WB -> 23 SB middle
719,1072.3,63.3421486174074,35.40363100118158,41,4,719_1_2_5_I_WB_->_23_SB_middle,1,I ST. & 23 ST.,I WB -> 23 SB middle
719,1072.4,62.65988842353698,35.46036160811172,41,4,719_1_2_5_I_WB_->_23_SB_middle,1,I ST. & 23 ST.,I WB -> 23 SB middle
719,1072.5,61.96680462702858,35.53052841142006,41,4,719_1_2_5_I_WB_->_23_SB_middle,1,I ST. & 23 ST.,I WB -> 23 SB middle
719,1072.6,61.2653232077838,35.613571569590825,41,4,719_1_2_5_I_WB_->_23_SB_middle,1,I ST. & 23 ST.,I WB -> 23 SB middle
719,1072.7,60.55675046267276,35.70967769646261,41,4,719_1_2_5_I_WB_->_23_SB_middle,1,I ST. & 23 ST.,I WB -> 23 SB middle
719,1072.8,59.84257930240414,35.81847356435826,41,4,719_1_2_5_I_WB_->_23_SB_middle,1,I ST. & 23 ST.,I WB -> 23 SB middle
719,1072.9,59.12243649930076,35.94145208398643,41,4,719_1_2_5_I_WB_->_23_SB_middle,1,I ST. & 23 ST.,I WB -> 23 SB middle
719,1073.0,58.39781496407133,36.07954632454007,41,4,719_1_2_5_I_WB_->_23_SB_middle,1,I ST. & 23 ST.,I WB -> 23 SB middle
719,1073.1,57.67058083510168,36.232756286019175,41,4,719_1_2_5_I_WB_->_23_SB_middle,1,I ST. & 23 ST.,I WB -> 23 SB middle
719,1073.2,56.94316009229345,36.403321334486776,1,4,719_1_2_5_I_WB_->_23_SB_middle,1,I ST. & 23 ST.,I WB -> 23 SB middle
719,1073.3,56.2161125771624,36.59385406368308,1,4,719_1_2_5_I_WB_->_23_SB_middle,1,I ST. & 23 ST.,I WB -> 23 SB middle
719,1073.4,55.49093120041721,36.805474156639605,1,4,719_1_2_5_I_WB_->_23_SB_middle,1,I ST. & 23 ST.,I WB -> 23 SB middle
719,1073.5,54.76966871428231,37.03948791022645,1,4,719_1_2_5_I_WB_->_23_SB_middle,1,I ST. & 23 ST.,I WB -> 23 SB middle
719,1073.6,54.05232511875773,37.297948076668064,1,4,719_1_2_5_I_WB_->_23_SB_middle,1,I ST. & 23 ST.,I WB -> 23 SB middle
719,1073.7,53.33983348303639,37.58122788364161,1,4,719_1_2_5_I_WB_->_23_SB_middle,1,I ST. & 23 ST.,I WB -> 23 SB middle
719,1073.8,52.63368671782696,37.88746119276124,1,4,719_1_2_5_I_WB_->_23_SB_middle,1,I ST. & 23 ST.,I WB -> 23 SB middle
719,1073.9,51.935191119999566,38.21664800402694,1,4,719_1_2_5_I_WB_->_23_SB_middle,1,I ST. & 23 ST.,I WB -> 23 SB middle
719,1074.0,51.24490653106994,38.56953477279306,1,4,719_1_2_5_I_WB_->_23_SB_middle,1,I ST. & 23 ST.,I WB -> 23 SB middle
719,1074.1,50.56525893093973,38.94444197451234,1,4,719_1_2_5_I_WB_->_23_SB_middle,1,I ST. & 23 ST.,I WB -> 23 SB middle
719,1074.2,49.89755461647903,39.34062315383042,1,4,719_1_2_5_I_WB_->_23_SB_middle,1,I ST. & 23 ST.,I WB -> 23 SB middle
719,1074.3,49.24291327071934,39.75751846923154,1,4,719_1_2_5_I_WB_->_23_SB_middle,1,I ST. & 23 ST.,I WB -> 23 SB middle
719,1074.4,48.60264119053077,40.194568079199954,1,4,719_1_2_5_I_WB_->_23_SB_middle,1,I ST. & 23 ST.,I WB -> 23 SB middle
719,1074.5,47.97823128662201,40.65065230070414,1,4,719_1_2_5_I_WB_->_23_SB_middle,1,I ST. & 23 ST.,I WB -> 23 SB middle
719,1074.6,47.37136308354034,41.12390499535824,1,4,719_1_2_5_I_WB_->_23_SB_middle,1,I ST. & 23 ST.,I WB -> 23 SB middle
719,1074.7,46.78334287815586,41.61301986629214,1,4,719_1_2_5_I_WB_->_23_SB_middle,1,I ST. & 23 ST.,I WB -> 23 SB middle
719,1074.8,46.2149171258229,42.11687723047434,1,4,719_1_2_5_I_WB_->_23_SB_middle,1,I ST. & 23 ST.,I WB -> 23 SB middle
719,1074.9,45.667205509573,42.63622354325918,1,4,719_1_2_5_I_WB_->_23_SB_middle,1,I ST. & 23 ST.,I WB -> 23 SB middle
719,1075.0,45.1405812570833,43.171618646162415,1,4,719_1_2_5_I_WB_->_23_SB_middle,1,I ST. & 23 ST.,I WB -> 23 SB middle
719,1075.1,44.63579082370817,43.72138301463677,1,4,719_1_2_5_I_WB_->_23_SB_middle,1,I ST. & 23 ST.,I WB -> 23 SB middle
719,1075.2,44.15526018934922,44.28327728261921,1,4,719_1_2_5_I_WB_->_23_SB_middle,1,I ST. & 23 ST.,I WB -> 23 SB middle
719,1075.3,43.70029565087655,44.85506208404672,1,4,719_1_2_5_I_WB_->_23_SB_middle,1,I ST. & 23 ST.,I WB -> 23 SB middle
719,1075.4,43.268098000711376,45.435804349726354,1,4,719_1_2_5_I_WB_->_23_SB_middle,1,I ST. & 23 ST.,I WB -> 23 SB middle
719,1075.5,42.85848062501511,46.02457101046518,40,4,719_1_2_5_I_WB_->_23_SB_middle,1,I ST. & 23 ST.,I WB -> 23 SB middle
719,1075.6,42.47125690994916,46.62080222474745,40,4,719_1_2_5_I_WB_->_23_SB_middle,1,I ST. & 23 ST.,I WB -> 23 SB middle
719,1075.7,42.1068000831907,47.2239381510574,40,4,719_1_2_5_I_WB_->_23_SB_middle,1,I ST. & 23 ST.,I WB -> 23 SB middle
719,1075.8,41.76492353090114,47.83379217555645,40,4,719_1_2_5_I_WB_->_23_SB_middle,1,I ST. & 23 ST.,I WB -> 23 SB middle
719,1075.9,41.44544063924192,48.44943122905166,40,4,719_1_2_5_I_WB_->_23_SB_middle,1,I ST. & 23 ST.,I WB -> 23 SB middle
719,1076.0,41.14816479437441,49.07048208386587,40,4,719_1_2_5_I_WB_->_23_SB_middle,1,I ST. & 23 ST.,I WB -> 23 SB middle
719,1076.1,40.87216292710572,49.69619828464474,40,4,719_1_2_5_I_WB_->_23_SB_middle,1,I ST. & 23 ST.,I WB -> 23 SB middle
719,1076.2,40.61706180975866,50.32639321754966,40,4,719_1_2_5_I_WB_->_23_SB_middle,1,I ST. & 23 ST.,I WB -> 23 SB middle
719,1076.3,40.38211498697888,50.960693654903466,40,4,719_1_2_5_I_WB_->_23_SB_middle,1,I ST. & 23 ST.,I WB -> 23 SB middle
719,1076.4,40.16713584492781,51.59779329983607,40,4,719_1_2_5_I_WB_->_23_SB_middle,1,I ST. & 23 ST.,I WB -> 23 SB middle
719,1076.5,39.97137792825109,52.23769215234746,40,4,719_1_2_5_I_WB_->_23_SB_middle,1,I ST. & 23 ST.,I WB -> 23 SB middle
889,1614.7,64.5271464924285,35.51466623514025,41,4,889_1_2_5_I_WB_->_23_SB_middle,1,I ST. & 23 ST.,I WB -> 23 SB middle
889,1614.8,64.27297844427436,35.51485284897883,41,4,889_1_2_5_I_WB_->_23_SB_middle,1,I ST. & 23 ST.,I WB -> 23 SB middle
889,1614.9,64.00350806135619,35.51559930433318,41,4,889_1_2_5_I_WB_->_23_SB_middle,1,I ST. & 23 ST.,I WB -> 23 SB middle
889,1615.0,63.72041486822122,35.51615914584894,41,4,889_1_2_5_I_WB_->_23_SB_middle,1,I ST. & 23 ST.,I WB -> 23 SB middle
889,1615.1,63.42369886486947,35.51765205655762,41,4,889_1_2_5_I_WB_->_23_SB_middle,1,I ST. & 23 ST.,I WB -> 23 SB middle
889,1615.2,63.11429312049389,35.520824491813585,41,4,889_1_2_5_I_WB_->_23_SB_middle,1,I ST. & 23 ST.,I WB -> 23 SB middle
889,1615.3,62.79201102125587,35.52772920384127,41,4,889_1_2_5_I_WB_->_23_SB_middle,1,I ST. & 23 ST.,I WB -> 23 SB middle
889,1615.4,62.45535965644672,35.539485875672185,41,4,889_1_2_5_I_WB_->_23_SB_middle,1,I ST. & 23 ST.,I WB -> 23 SB middle
889,1615.5,62.10471225374363,35.55646773498351,41,4,889_1_2_5_I_WB_->_23_SB_middle,1,I ST. & 23 ST.,I WB -> 23 SB middle
889,1615.6,61.739882199308,35.579234623291,41,4,889_1_2_5_I_WB_->_23_SB_middle,1,I ST. & 23 ST.,I WB -> 23 SB middle
889,1615.7,61.36142933465559,35.608532995949005,41,4,889_1_2_5_I_WB_->_23_SB_middle,1,I ST. & 23 ST.,I WB -> 23 SB middle
889,1615.8,60.97140641201085,35.64268332841024,41,4,889_1_2_5_I_WB_->_23_SB_middle,1,I ST. & 23 ST.,I WB -> 23 SB middle
889,1615.9,60.571119728243886,35.68168562067471,41,4,889_1_2_5_I_WB_->_23_SB_middle,1,I ST. & 23 ST.,I WB -> 23 SB middle
889,1616.0,60.16243542174054,35.72572648658102,41,4,889_1_2_5_I_WB_->_23_SB_middle,1,I ST. & 23 ST.,I WB -> 23 SB middle
889,1616.1,59.74479365098507,35.77611222299923,41,4,889_1_2_5_I_WB_->_23_SB_middle,1,I ST. & 23 ST.,I WB -> 23 SB middle
889,1616.2,59.31744796062313,35.834522354476654,41,4,889_1_2_5_I_WB_->_23_SB_middle,1,I ST. & 23 ST.,I WB -> 23 SB middle
889,1616.3,58.88058496449331,35.900397039497506,41,4,889_1_2_5_I_WB_->_23_SB_middle,1,I ST. & 23 ST.,I WB -> 23 SB middle
889,1616.4,58.43401804875701,35.97448273341615,41,4,889_1_2_5_I_WB_->_23_SB_middle,1,I ST. & 23 ST.,I WB -> 23 SB middle
889,1616.5,57.97756059957565,36.05789911926409,41,4,889_1_2_5_I_WB_->_23_SB_middle,1,I ST. & 23 ST.,I WB -> 23 SB middle
889,1616.6,57.51382521068944,36.14691392026961,1,4,889_1_2_5_I_WB_->_23_SB_middle,1,I ST. & 23 ST.,I WB -> 23 SB middle
889,1616.7,57.0424386544212,36.24264681946424,1,4,889_1_2_5_I_WB_->_23_SB_middle,1,I ST. & 23 ST.,I WB -> 23 SB middle
889,1616.8,56.5652670691568,36.34528443068653,1,4,889_1_2_5_I_WB_->_23_SB_middle,1,I ST. & 23 ST.,I WB -> 23 SB middle
889,1616.9,56.08212384105765,36.457066119999546,1,4,889_1_2_5_I_WB_->_23_SB_middle,1,I ST. & 23 ST.,I WB -> 23 SB middle
889,1617.0,55.59244912860799,36.57929818427338,1,4,889_1_2_5_I_WB_->_23_SB_middle,1,I ST. & 23 ST.,I WB -> 23 SB middle
889,1617.1,55.09754922867791,36.71160739583085,1,4,889_1_2_5_I_WB_->_23_SB_middle,1,I ST. & 23 ST.,I WB -> 23 SB middle
889,1617.2,54.59891705197612,36.85324729931762,1,4,889_1_2_5_I_WB_->_23_SB_middle,1,I ST. & 23 ST.,I WB -> 23 SB middle
889,1617.3,54.09767228153412,37.00459112241087,1,4,889_1_2_5_I_WB_->_23_SB_middle,1,I ST. & 23 ST.,I WB -> 23 SB middle
889,1617.4,53.59642751109213,37.163586112886144,1,4,889_1_2_5_I_WB_->_23_SB_middle,1,I ST. & 23 ST.,I WB -> 23 SB middle
889,1617.5,53.09499612681154,37.33265825064506,1,4,889_1_2_5_I_WB_->_23_SB_middle,1,I ST. & 23 ST.,I WB -> 23 SB middle
889,1617.6,52.59375135636956,37.51479335710499,1,4,889_1_2_5_I_WB_->_23_SB_middle,1,I ST. & 23 ST.,I WB -> 23 SB middle
889,1617.7,52.09399949663624,37.71167095681322,1,4,889_1_2_5_I_WB_->_23_SB_middle,1,I ST. & 23 ST.,I WB -> 23 SB middle
889,1617.8,51.59536731993445,37.92347766360834,1,4,889_1_2_5_I_WB_->_23_SB_middle,1,I ST. & 23 ST.,I WB -> 23 SB middle
889,1617.9,51.097854826264175,38.15133316052184,1,4,889_1_2_5_I_WB_->_23_SB_middle,1,I ST. & 23 ST.,I WB -> 23 SB middle
889,1618.0,50.60239508481835,38.39505083371516,1,4,889_1_2_5_I_WB_->_23_SB_middle,1,I ST. & 23 ST.,I WB -> 23 SB middle
889,1618.1,50.109361323274136,38.65463068318828,1,4,889_1_2_5_I_WB_->_23_SB_middle,1,I ST. & 23 ST.,I WB -> 23 SB middle
889,1618.2,49.621366135371744,38.92951286742546,1,4,889_1_2_5_I_WB_->_23_SB_middle,1,I ST. & 23 ST.,I WB -> 23 SB middle
889,1618.3,49.138036293434006,39.22044384178104,1,4,889_1_2_5_I_WB_->_23_SB_middle,1,I ST. & 23 ST.,I WB -> 23 SB middle
889,1618.4,48.660864708169605,39.527423606255,1,4,889_1_2_5_I_WB_->_23_SB_middle,1,I ST. & 23 ST.,I WB -> 23 SB middle
889,1618.5,48.19003799341713,39.85101200236313,1,4,889_1_2_5_I_WB_->_23_SB_middle,1,I ST. & 23 ST.,I WB -> 23 SB middle
889,1618.6,47.72536953533798,40.19102241626682,1,4,889_1_2_5_I_WB_->_23_SB_middle,1,I ST. & 23 ST.,I WB -> 23 SB middle
889,1618.7,47.26685933393218,40.54726823412749,1,4,889_1_2_5_I_WB_->_23_SB_middle,1,I ST. & 23 ST.,I WB -> 23 SB middle
889,1618.8,46.81656014142416,40.917883317559294,1,4,889_1_2_5_I_WB_->_23_SB_middle,1,I ST. & 23 ST.,I WB -> 23 SB middle
889,1618.9,46.3763380961998,41.30268105272362,1,4,889_1_2_5_I_WB_->_23_SB_middle,1,I ST. & 23 ST.,I WB -> 23 SB middle
889,1619.0,45.946939653613406,41.70110159810473,1,4,889_1_2_5_I_WB_->_23_SB_middle,1,I ST. & 23 ST.,I WB -> 23 SB middle
889,1619.1,45.52855142750359,42.11351818137979,1,4,889_1_2_5_I_WB_->_23_SB_middle,1,I ST. & 23 ST.,I WB -> 23 SB middle
889,1619.2,45.12173325938611,42.53899773335587,1,4,889_1_2_5_I_WB_->_23_SB_middle,1,I ST. & 23 ST.,I WB -> 23 SB middle
889,1619.3,44.72667176309955,42.97772686787156,1,4,889_1_2_5_I_WB_->_23_SB_middle,1,I ST. & 23 ST.,I WB -> 23 SB middle
889,1619.4,44.34374016632109,43.428959129572505,1,4,889_1_2_5_I_WB_->_23_SB_middle,1,I ST. & 23 ST.,I WB -> 23 SB middle
889,1619.5,43.97368492440504,43.89213467694296,1,4,889_1_2_5_I_WB_->_23_SB_middle,1,I ST. & 23 ST.,I WB -> 23 SB middle
889,1619.6,43.61725249270578,44.366320440789984,1,4,889_1_2_5_I_WB_->_23_SB_middle,1,I ST. & 23 ST.,I WB -> 23 SB middle
889,1619.7,43.27500271273906,44.850583351920655,1,4,889_1_2_5_I_WB_->_23_SB_middle,1,I ST. & 23 ST.,I WB -> 23 SB middle
889,1619.8,42.94712219834345,45.34399034114204,1,4,889_1_2_5_I_WB_->_23_SB_middle,1,I ST. & 23 ST.,I WB -> 23 SB middle
889,1619.9,42.63566370174342,45.84672802229272,1,4,889_1_2_5_I_WB_->_23_SB_middle,1,I ST. & 23 ST.,I WB -> 23 SB middle
889,1620.0,42.33988076758461,46.3576767123412,40,4,889_1_2_5_I_WB_->_23_SB_middle,1,I ST. & 23 ST.,I WB -> 23 SB middle
889,1620.1,42.0601466235442,46.8773962528032,40,4,889_1_2_5_I_WB_->_23_SB_middle,1,I ST. & 23 ST.,I WB -> 23 SB middle
889,1620.2,41.796088041945005,47.4066330990331,40,4,889_1_2_5_I_WB_->_23_SB_middle,1,I ST. & 23 ST.,I WB -> 23 SB middle
889,1620.3,41.54770502278704,47.94501402335371,40,4,889_1_2_5_I_WB_->_23_SB_middle,1,I ST. & 23 ST.,I WB -> 23 SB middle
889,1620.4,41.314437724554544,48.49309886728079,40,4,889_1_2_5_I_WB_->_23_SB_middle,1,I ST. & 23 ST.,I WB -> 23 SB middle
889,1620.5,41.09609953340892,49.050327789298585,40,4,889_1_2_5_I_WB_->_23_SB_middle,1,I ST. & 23 ST.,I WB -> 23 SB middle
889,1620.6,40.89231722167301,49.61688740324568,40,4,889_1_2_5_I_WB_->_23_SB_middle,1,I ST. & 23 ST.,I WB -> 23 SB middle
889,1620.7,40.70234433399246,50.19333755063784,40,4,889_1_2_5_I_WB_->_23_SB_middle,1,I ST. & 23 ST.,I WB -> 23 SB middle
889,1620.8,40.52562102885152,50.77893177612071,40,4,889_1_2_5_I_WB_->_23_SB_middle,1,I ST. & 23 ST.,I WB -> 23 SB middle
889,1620.9,40.36158746473443,51.373110238178526,40,4,889_1_2_5_I_WB_->_23_SB_middle,1,I ST. & 23 ST.,I WB -> 23 SB middle
889,1621.0,40.20912395860967,51.9745666399412,40,4,889_1_2_5_I_WB_->_23_SB_middle,1,I ST. & 23 ST.,I WB -> 23 SB middle
1030,2062.3,64.31216735037742,35.39560660612238,41,4,1030_1_3_6_I_WB_->_23_SB_middle,1,I ST. & 23 ST.,I WB -> 23 SB middle
1030,2062.4,63.862241385546575,35.445619114863426,41,4,1030_1_3_6_I_WB_->_23_SB_middle,1,I ST. & 23 ST.,I WB -> 23 SB middle
1030,2062.5,63.39216112614844,35.50309617714792,41,4,1030_1_3_6_I_WB_->_23_SB_middle,1,I ST. & 23 ST.,I WB -> 23 SB middle
1030,2062.6,62.90173995834444,35.569157476007355,41,4,1030_1_3_6_I_WB_->_23_SB_middle,1,I ST. & 23 ST.,I WB -> 23 SB middle
1030,2062.7,62.39153772365031,35.64380301144176,41,4,1030_1_3_6_I_WB_->_23_SB_middle,1,I ST. & 23 ST.,I WB -> 23 SB middle
1030,2062.8,61.862487491259,35.728152466482626,41,4,1030_1_3_6_I_WB_->_23_SB_middle,1,I ST. & 23 ST.,I WB -> 23 SB middle
1030,2062.9,61.315708944202015,35.822579068807144,41,4,1030_1_3_6_I_WB_->_23_SB_middle,1,I ST. & 23 ST.,I WB -> 23 SB middle
1030,2063.0,60.75250837934947,35.92782927376965,41,4,1030_1_3_6_I_WB_->_23_SB_middle,1,I ST. & 23 ST.,I WB -> 23 SB middle
1030,2063.1,60.17512516276439,36.04390308137015,41,4,1030_1_3_6_I_WB_->_23_SB_middle,1,I ST. & 23 ST.,I WB -> 23 SB middle
1030,2063.2,59.58542543283263,36.172480016155895,41,4,1030_1_3_6_I_WB_->_23_SB_middle,1,I ST. & 23 ST.,I WB -> 23 SB middle
1030,2063.3,58.98378241723136,36.313933305804085,41,4,1030_1_3_6_I_WB_->_23_SB_middle,1,I ST. & 23 ST.,I WB -> 23 SB middle
1030,2063.4,58.37000950212201,36.46938263334622,41,4,1030_1_3_6_I_WB_->_23_SB_middle,1,I ST. & 23 ST.,I WB -> 23 SB middle
1030,2063.5,57.745972825890426,36.640134295652416,41,4,1030_1_3_6_I_WB_->_23_SB_middle,1,I ST. & 23 ST.,I WB -> 23 SB middle
1030,2063.6,57.11353852692248,36.82656152039983,1,4,1030_1_3_6_I_WB_->_23_SB_middle,1,I ST. & 23 ST.,I WB -> 23 SB middle
1030,2063.7,56.475692426635526,37.0295973767814,1,4,1030_1_3_6_I_WB_->_23_SB_middle,1,I ST. & 23 ST.,I WB -> 23 SB middle
1030,2063.8,55.83374082189969,37.24980170631287,1,4,1030_1_3_6_I_WB_->_23_SB_middle,1,I ST. & 23 ST.,I WB -> 23 SB middle
1030,2063.9,55.18992307877799,37.486614667478506,1,4,1030_1_3_6_I_WB_->_23_SB_middle,1,I ST. & 23 ST.,I WB -> 23 SB middle
1030,2064.0,54.54479903878618,37.7426488540185,1,4,1030_1_3_6_I_WB_->_23_SB_middle,1,I ST. & 23 ST.,I WB -> 23 SB middle
1030,2064.1,53.90023484031014,38.01715781057851,1,4,1030_1_3_6_I_WB_->_23_SB_middle,1,I ST. & 23 ST.,I WB -> 23 SB middle
1030,2064.2,53.25679032486561,38.30995492331994,1,4,1030_1_3_6_I_WB_->_23_SB_middle,1,I ST. & 23 ST.,I WB -> 23 SB middle
1030,2064.3,52.61633163083846,38.62253310295149,1,4,1030_1_3_6_I_WB_->_23_SB_middle,1,I ST. & 23 ST.,I WB -> 23 SB middle
1030,2064.4,51.97885875822868,38.95638526018185,1,4,1030_1_3_6_I_WB_->_23_SB_middle,1,I ST. & 23 ST.,I WB -> 23 SB middle
1030,2064.5,51.344744934713454,39.31132478117242,1,4,1030_1_3_6_I_WB_->_23_SB_middle,1,I ST. & 23 ST.,I WB -> 23 SB middle
1030,2064.6,50.71641614019439,39.68473907218301,1,4,1030_1_3_6_I_WB_->_23_SB_middle,1,I ST. & 23 ST.,I WB -> 23 SB middle
1030,2064.7,50.09480544386442,40.07681474705219,1,4,1030_1_3_6_I_WB_->_23_SB_middle,1,I ST. & 23 ST.,I WB -> 23 SB middle
1030,2064.8,49.4806593010779,40.48923133032724,1,4,1030_1_3_6_I_WB_->_23_SB_middle,1,I ST. & 23 ST.,I WB -> 23 SB middle
1030,2064.9,48.87453755335057,40.92236204968536,1,4,1030_1_3_6_I_WB_->_23_SB_middle,1,I ST. & 23 ST.,I WB -> 23 SB middle
1030,2065.0,48.27718665603679,41.375833677449336,1,4,1030_1_3_6_I_WB_->_23_SB_middle,1,I ST. & 23 ST.,I WB -> 23 SB middle
1030,2065.1,47.69028613368381,41.84889975826484,1,4,1030_1_3_6_I_WB_->_23_SB_middle,1,I ST. & 23 ST.,I WB -> 23 SB middle
1030,2065.2,47.11588873851611,42.3400673814232,1,4,1030_1_3_6_I_WB_->_23_SB_middle,1,I ST. & 23 ST.,I WB -> 23 SB middle
1030,2065.3,46.55567399508094,42.848590091570046,1,4,1030_1_3_6_I_WB_->_23_SB_middle,1,I ST. & 23 ST.,I WB -> 23 SB middle
1030,2065.4,46.012254497118505,43.37484111638256,1,4,1030_1_3_6_I_WB_->_23_SB_middle,1,I ST. & 23 ST.,I WB -> 23 SB middle
1030,2065.5,45.48693654149891,43.91714093131348,1,4,1030_1_3_6_I_WB_->_23_SB_middle,1,I ST. & 23 ST.,I WB -> 23 SB middle
1030,2065.6,44.982146108123786,44.47381001181552,1,4,1030_1_3_6_I_WB_->_23_SB_middle,1,I ST. & 23 ST.,I WB -> 23 SB middle
1030,2065.7,44.49750996931594,45.04316883334141,1,4,1030_1_3_6_I_WB_->_23_SB_middle,1,I ST. & 23 ST.,I WB -> 23 SB middle
1030,2065.8,44.03340135275256,45.62559062356832,1,4,1030_1_3_6_I_WB_->_23_SB_middle,1,I ST. & 23 ST.,I WB -> 23 SB middle
1030,2065.9,43.59093994146515,46.22182183785058,40,4,1030_1_3_6_I_WB_->_23_SB_middle,1,I ST. & 23 ST.,I WB -> 23 SB middle
1030,2066.0,43.171058804646655,46.83260893154256,40,4,1030_1_3_6_I_WB_->_23_SB_middle,1,I ST. & 23 ST.,I WB -> 23 SB middle
1030,2066.1,42.773944556135646,47.45776529080566,40,4,1030_1_3_6_I_WB_->_23_SB_middle,1,I ST. & 23 ST.,I WB -> 23 SB middle
1030,2066.2,42.39885074057779,48.097664143317054,40,4,1030_1_3_6_I_WB_->_23_SB_middle,1,I ST. & 23 ST.,I WB -> 23 SB middle
1030,2066.3,42.04596397181166,48.75193226139957,40,4,1030_1_3_6_I_WB_->_23_SB_middle,1,I ST. & 23 ST.,I WB -> 23 SB middle
1030,2066.4,41.71472440832151,49.420009803537454,40,4,1030_1_3_6_I_WB_->_23_SB_middle,1,I ST. & 23 ST.,I WB -> 23 SB middle
1030,2066.5,41.40475882243016,50.10096370053776,40,4,1030_1_3_6_I_WB_->_23_SB_middle,1,I ST. & 23 ST.,I WB -> 23 SB middle
1030,2066.6,41.11513414494469,50.79404749704617,40,4,1030_1_3_6_I_WB_->_23_SB_middle,1,I ST. & 23 ST.,I WB -> 23 SB middle
1030,2066.7,40.84510392051075,51.49832812386973,40,4,1030_1_3_6_I_WB_->_23_SB_middle,1,I ST. & 23 ST.,I WB -> 23 SB middle
1030,2066.8,40.59448153528975,52.21380558100846,40,4,1030_1_3_6_I_WB_->_23_SB_middle,1,I ST. & 23 ST.,I WB -> 23 SB middle
1819,4251.5,64.4924363184515,35.45196398537535,41,4,1819_1_3_6_I_WB_->_23_SB_middle,1,I ST. & 23 ST.,I WB -> 23 SB middle
1819,4251.6,64.26626034608526,35.470438755395364,41,4,1819_1_3_6_I_WB_->_23_SB_middle,1,I ST. & 23 ST.,I WB -> 23 SB middle
1819,4251.7,64.02571510814792,35.492272574509926,41,4,1819_1_3_6_I_WB_->_23_SB_middle,1,I ST. & 23 ST.,I WB -> 23 SB middle
1819,4251.8,63.77098721847802,35.51690560120328,41,4,1819_1_3_6_I_WB_->_23_SB_middle,1,I ST. & 23 ST.,I WB -> 23 SB middle
1819,4251.9,63.5020766770756,35.54527090466835,41,4,1819_1_3_6_I_WB_->_23_SB_middle,1,I ST. & 23 ST.,I WB -> 23 SB middle
1819,4252.0,63.21842364242488,35.57886139561383,41,4,1819_1_3_6_I_WB_->_23_SB_middle,1,I ST. & 23 ST.,I WB -> 23 SB middle
1819,4252.1,62.92040134220304,35.61767707403972,41,4,1819_1_3_6_I_WB_->_23_SB_middle,1,I ST. & 23 ST.,I WB -> 23 SB middle
1819,4252.2,62.60838300408724,35.661158098430256,41,4,1819_1_3_6_I_WB_->_23_SB_middle,1,I ST. & 23 ST.,I WB -> 23 SB middle
1819,4252.3,62.28348831110902,35.70930446878545,41,4,1819_1_3_6_I_WB_->_23_SB_middle,1,I ST. & 23 ST.,I WB -> 23 SB middle
1819,4252.4,61.9451574217526,35.763795709652555,41,4,1819_1_3_6_I_WB_->_23_SB_middle,1,I ST. & 23 ST.,I WB -> 23 SB middle
1819,4252.5,61.592457266825065,35.82556489022452,41,4,1819_1_3_6_I_WB_->_23_SB_middle,1,I ST. & 23 ST.,I WB -> 23 SB middle
1819,4252.6,61.225014618649226,35.89722460424154,41,4,1819_1_3_6_I_WB_->_23_SB_middle,1,I ST. & 23 ST.,I WB -> 23 SB middle
1819,4252.7,60.84376254641803,35.978215010187874,41,4,1819_1_3_6_I_WB_->_23_SB_middle,1,I ST. & 23 ST.,I WB -> 23 SB middle
1819,4252.8,60.4496341193244,36.06722981119339,41,4,1819_1_3_6_I_WB_->_23_SB_middle,1,I ST. & 23 ST.,I WB -> 23 SB middle
1819,4252.9,60.04337579272267,36.16258948271084,41,4,1819_1_3_6_I_WB_->_23_SB_middle,1,I ST. & 23 ST.,I WB -> 23 SB middle
1819,4253.0,59.62666709116014,36.2644806385788,41,4,1819_1_3_6_I_WB_->_23_SB_middle,1,I ST. & 23 ST.,I WB -> 23 SB middle
1819,4253.1,59.19913478695961,36.37383634799019,41,4,1819_1_3_6_I_WB_->_23_SB_middle,1,I ST. & 23 ST.,I WB -> 23 SB middle
1819,4253.2,58.75891274173524,36.49401566003957,41,4,1819_1_3_6_I_WB_->_23_SB_middle,1,I ST. & 23 ST.,I WB -> 23 SB middle
1819,4253.3,58.30954661842015,36.62221936714816,41,4,1819_1_3_6_I_WB_->_23_SB_middle,1,I ST. & 23 ST.,I WB -> 23 SB middle
1819,4253.4,57.8529025554002,36.75751440012301,41,4,1819_1_3_6_I_WB_->_23_SB_middle,1,I ST. & 23 ST.,I WB -> 23 SB middle
1819,4253.5,57.390100235706925,36.9015802835114,1,4,1819_1_3_6_I_WB_->_23_SB_middle,1,I ST. & 23 ST.,I WB -> 23 SB middle
1819,4253.6,56.92113965934032,37.05553670034485,1,4,1819_1_3_6_I_WB_->_23_SB_middle,1,I ST. & 23 ST.,I WB -> 23 SB middle
1819,4253.7,56.44695389549329,37.22199624436356,1,4,1819_1_3_6_I_WB_->_23_SB_middle,1,I ST. & 23 ST.,I WB -> 23 SB middle
1819,4253.8,55.96884924103595,37.400958915567536,1,4,1819_1_3_6_I_WB_->_23_SB_middle,1,I ST. & 23 ST.,I WB -> 23 SB middle
1819,4253.9,55.48738553748407,37.591864872441015,1,4,1819_1_3_6_I_WB_->_23_SB_middle,1,I ST. & 23 ST.,I WB -> 23 SB middle
1819,4254.0,55.00386908170774,37.795460570338335,1,4,1819_1_3_6_I_WB_->_23_SB_middle,1,I ST. & 23 ST.,I WB -> 23 SB middle
1819,4254.1,54.517180190675454,38.014358602999714,1,4,1819_1_3_6_I_WB_->_23_SB_middle,1,I ST. & 23 ST.,I WB -> 23 SB middle
1819,4254.2,54.03067791348175,38.24464007981484,1,4,1819_1_3_6_I_WB_->_23_SB_middle,1,I ST. & 23 ST.,I WB -> 23 SB middle
1819,4254.3,53.54473547780381,38.48761129765381,1,4,1819_1_3_6_I_WB_->_23_SB_middle,1,I ST. & 23 ST.,I WB -> 23 SB middle
1819,4254.4,53.05785997293294,38.746258077934016,1,4,1819_1_3_6_I_WB_->_23_SB_middle,1,I ST. & 23 ST.,I WB -> 23 SB middle
1819,4254.5,52.57117108190065,39.0211402621712,1,4,1819_1_3_6_I_WB_->_23_SB_middle,1,I ST. & 23 ST.,I WB -> 23 SB middle
1819,4254.6,52.0852286462227,39.31263107804252,1,4,1819_1_3_6_I_WB_->_23_SB_middle,1,I ST. & 23 ST.,I WB -> 23 SB middle
1819,4254.7,51.60096573509203,39.61867777332356,1,4,1819_1_3_6_I_WB_->_23_SB_middle,1,I ST. & 23 ST.,I WB -> 23 SB middle
1819,4254.8,51.11782250699288,39.93928034801431,1,4,1819_1_3_6_I_WB_->_23_SB_middle,1,I ST. & 23 ST.,I WB -> 23 SB middle
1819,4254.9,50.63673203111816,40.27425218827617,1,4,1819_1_3_6_I_WB_->_23_SB_middle,1,I ST. & 23 ST.,I WB -> 23 SB middle
1819,4255.0,50.15881399049944,40.62266022491624,1,4,1819_1_3_6_I_WB_->_23_SB_middle,1,I ST. & 23 ST.,I WB -> 23 SB middle
1819,4255.1,49.68406838513664,40.98469107177308,1,4,1819_1_3_6_I_WB_->_23_SB_middle,1,I ST. & 23 ST.,I WB -> 23 SB middle
1819,4255.2,49.21286844270699,41.36090457036245,1,4,1819_1_3_6_I_WB_->_23_SB_middle,1,I ST. & 23 ST.,I WB -> 23 SB middle
1819,4255.3,48.74596061856482,41.75186056220013,1,4,1819_1_3_6_I_WB_->_23_SB_middle,1,I ST. & 23 ST.,I WB -> 23 SB middle
1819,4255.4,48.28446459574164,42.1560661365774,1,4,1819_1_3_6_I_WB_->_23_SB_middle,1,I ST. & 23 ST.,I WB -> 23 SB middle
1819,4255.5,47.82875360191463,42.57314806581711,1,4,1819_1_3_6_I_WB_->_23_SB_middle,1,I ST. & 23 ST.,I WB -> 23 SB middle
1819,4255.6,47.38050716163106,43.00235989456491,1,4,1819_1_3_6_I_WB_->_23_SB_middle,1,I ST. & 23 ST.,I WB -> 23 SB middle
1819,4255.7,46.9414047994382,43.44295516746646,1,4,1819_1_3_6_I_WB_->_23_SB_middle,1,I ST. & 23 ST.,I WB -> 23 SB middle
1819,4255.8,46.51125990149747,43.894560656844575,1,4,1819_1_3_6_I_WB_->_23_SB_middle,1,I ST. & 23 ST.,I WB -> 23 SB middle
1819,4255.9,46.091751992356144,44.35698974886069,1,4,1819_1_3_6_I_WB_->_23_SB_middle,1,I ST. & 23 ST.,I WB -> 23 SB middle
1819,4256.0,45.68344091352997,44.82968260199903,1,4,1819_1_3_6_I_WB_->_23_SB_middle,1,I ST. & 23 ST.,I WB -> 23 SB middle
1819,4256.1,45.28725973421189,45.31245260242101,1,4,1819_1_3_6_I_WB_->_23_SB_middle,1,I ST. & 23 ST.,I WB -> 23 SB middle
1819,4256.2,44.9019021575318,45.80529975012664,1,4,1819_1_3_6_I_WB_->_23_SB_middle,1,I ST. & 23 ST.,I WB -> 23 SB middle
1819,4256.3,44.52923432187556,46.30785081743873,40,4,1819_1_3_6_I_WB_->_23_SB_middle,1,I ST. & 23 ST.,I WB -> 23 SB middle
1819,4256.4,44.17186882098337,46.81935934900295,40,4,1819_1_3_6_I_WB_->_23_SB_middle,1,I ST. & 23 ST.,I WB -> 23 SB middle
1819,4256.5,43.82980565485524,47.33945211714214,40,4,1819_1_3_6_I_WB_->_23_SB_middle,1,I ST. & 23 ST.,I WB -> 23 SB middle
1819,4256.6,43.50397789268408,47.86756928034052,40,4,1819_1_3_6_I_WB_->_23_SB_middle,1,I ST. & 23 ST.,I WB -> 23 SB middle
1819,4256.7,43.19494537598566,48.403710838598094,40,4,1819_1_3_6_I_WB_->_23_SB_middle,1,I ST. & 23 ST.,I WB -> 23 SB middle
1819,4256.8,42.90270810475999,48.94675710888336,40,4,1819_1_3_6_I_WB_->_23_SB_middle,1,I ST. & 23 ST.,I WB -> 23 SB middle
1819,4256.9,42.62670623749129,49.4967080911963,40,4,1819_1_3_6_I_WB_->_23_SB_middle,1,I ST. & 23 ST.,I WB -> 23 SB middle
1819,4257.0,42.36637993266383,50.05300394402117,40,4,1819_1_3_6_I_WB_->_23_SB_middle,1,I ST. & 23 ST.,I WB -> 23 SB middle
1819,4257.1,42.12116934876182,50.61527143968078,40,4,1819_1_3_6_I_WB_->_23_SB_middle,1,I ST. & 23 ST.,I WB -> 23 SB middle
1819,4257.2,41.89014141659235,51.18201766746646,40,4,1819_1_3_6_I_WB_->_23_SB_middle,1,I ST. & 23 ST.,I WB -> 23 SB middle
1819,4257.3,41.67254968080108,51.75324262737821,40,4,1819_1_3_6_I_WB_->_23_SB_middle,1,I ST. & 23 ST.,I WB -> 23 SB middle
1819,4257.4,41.46764768603365,52.32801325022309,40,4,1819_1_3_6_I_WB_->_23_SB_middle,1,I ST. & 23 ST.,I WB -> 23 SB middle
2068,5131.6,64.23173678594686,35.26702967133662,41,4,2068_1_3_6_I_WB_->_23_SB_middle,1,I ST. & 23 ST.,I WB -> 23 SB middle
2068,5131.7,63.86466736544819,35.272814700332795,41,4,2068_1_3_6_I_WB_->_23_SB_middle,1,I ST. & 23 ST.,I WB -> 23 SB middle
2068,5131.8,63.48789402534306,35.281212323069155,41,4,2068_1_3_6_I_WB_->_23_SB_middle,1,I ST. & 23 ST.,I WB -> 23 SB middle
2068,5131.9,63.09955062724559,35.29446190560876,41,4,2068_1_3_6_I_WB_->_23_SB_middle,1,I ST. & 23 ST.,I WB -> 23 SB middle
2068,5132.0,62.69870410196287,35.31498942785323,41,4,2068_1_3_6_I_WB_->_23_SB_middle,1,I ST. & 23 ST.,I WB -> 23 SB middle
2068,5132.1,62.28535444949488,35.34298150364113,41,4,2068_1_3_6_I_WB_->_23_SB_middle,1,I ST. & 23 ST.,I WB -> 23 SB middle
2068,5132.2,61.8598748975188,35.37843813297246,41,4,2068_1_3_6_I_WB_->_23_SB_middle,1,I ST. & 23 ST.,I WB -> 23 SB middle
2068,5132.3,61.42189221835745,35.42173254352442,41,4,2068_1_3_6_I_WB_->_23_SB_middle,1,I ST. & 23 ST.,I WB -> 23 SB middle
2068,5132.4,60.9721528673652,35.47230489378122,41,4,2068_1_3_6_I_WB_->_23_SB_middle,1,I ST. & 23 ST.,I WB -> 23 SB middle
2068,5132.5,60.512149755250704,35.529595342227125,41,4,2068_1_3_6_I_WB_->_23_SB_middle,1,I ST. & 23 ST.,I WB -> 23 SB middle
2068,5132.6,60.04169626817539,35.593790502700706,41,4,2068_1_3_6_I_WB_->_23_SB_middle,1,I ST. & 23 ST.,I WB -> 23 SB middle
2068,5132.7,59.56116563381645,35.66582344439491,41,4,2068_1_3_6_I_WB_->_23_SB_middle,1,I ST. & 23 ST.,I WB -> 23 SB middle
2068,5132.8,59.071117693689615,35.74494771195537,41,4,2068_1_3_6_I_WB_->_23_SB_middle,1,I ST. & 23 ST.,I WB -> 23 SB middle
2068,5132.9,58.574724883050855,35.829670394673414,41,4,2068_1_3_6_I_WB_->_23_SB_middle,1,I ST. & 23 ST.,I WB -> 23 SB middle
2068,5133.0,58.07198720190017,35.92092456174197,41,4,2068_1_3_6_I_WB_->_23_SB_middle,1,I ST. & 23 ST.,I WB -> 23 SB middle
2068,5133.1,57.56309126407615,36.020949579224066,1,4,2068_1_3_6_I_WB_->_23_SB_middle,1,I ST. & 23 ST.,I WB -> 23 SB middle
2068,5133.2,57.04841029725596,36.13011867479688,1,4,2068_1_3_6_I_WB_->_23_SB_middle,1,I ST. & 23 ST.,I WB -> 23 SB middle
2068,5133.3,56.52813091527819,36.24880507613757,1,4,2068_1_3_6_I_WB_->_23_SB_middle,1,I ST. & 23 ST.,I WB -> 23 SB middle
2068,5133.4,56.00187989046567,36.37719539708474,1,4,2068_1_3_6_I_WB_->_23_SB_middle,1,I ST. & 23 ST.,I WB -> 23 SB middle
2068,5133.5,55.47059029201133,36.51696916218565,1,4,2068_1_3_6_I_WB_->_23_SB_middle,1,I ST. & 23 ST.,I WB -> 23 SB middle
2068,5133.6,54.93500857526952,36.66775314376314,1,4,2068_1_3_6_I_WB_->_23_SB_middle,1,I ST. & 23 ST.,I WB -> 23 SB middle
2068,5133.7,54.39774733398041,36.8282410449471,1,4,2068_1_3_6_I_WB_->_23_SB_middle,1,I ST. & 23 ST.,I WB -> 23 SB middle
2068,5133.8,53.85899318198263,37.000112390284805,1,4,2068_1_3_6_I_WB_->_23_SB_middle,1,I ST. & 23 ST.,I WB -> 23 SB middle
2068,5133.9,53.31930596079192,37.18541993200071,1,4,2068_1_3_6_I_WB_->_23_SB_middle,1,I ST. & 23 ST.,I WB -> 23 SB middle
2068,5134.0,52.77980535343979,37.38435028393338,1,4,2068_1_3_6_I_WB_->_23_SB_middle,1,I ST. & 23 ST.,I WB -> 23 SB middle
2068,5134.1,52.2412378152806,37.59895619830728,1,4,2068_1_3_6_I_WB_->_23_SB_middle,1,I ST. & 23 ST.,I WB -> 23 SB middle
2068,5134.2,51.70360334631433,37.82905106128382,1,4,2068_1_3_6_I_WB_->_23_SB_middle,1,I ST. & 23 ST.,I WB -> 23 SB middle
2068,5134.3,51.16895469876544,38.07538132821734,1,4,2068_1_3_6_I_WB_->_23_SB_middle,1,I ST. & 23 ST.,I WB -> 23 SB middle
2068,5134.4,50.63691864495676,38.33794699910784,1,4,2068_1_3_6_I_WB_->_23_SB_middle,1,I ST. & 23 ST.,I WB -> 23 SB middle
2068,5134.5,50.10861486791979,38.61637484627816,1,4,2068_1_3_6_I_WB_->_23_SB_middle,1,I ST. & 23 ST.,I WB -> 23 SB middle
2068,5134.6,49.58441659533172,38.91085148356686,1,4,2068_1_3_6_I_WB_->_23_SB_middle,1,I ST. & 23 ST.,I WB -> 23 SB middle
2068,5134.7,49.06507028254688,39.221936752489725,1,4,2068_1_3_6_I_WB_->_23_SB_middle,1,I ST. & 23 ST.,I WB -> 23 SB middle
2068,5134.8,48.55038931572669,39.55056372223967,1,4,2068_1_3_6_I_WB_->_23_SB_middle,1,I ST. & 23 ST.,I WB -> 23 SB middle
2068,5134.9,48.0411201502255,39.89617255130094,1,4,2068_1_3_6_I_WB_->_23_SB_middle,1,I ST. & 23 ST.,I WB -> 23 SB middle
2068,5135.0,47.53819585523623,40.258763239673534,1,4,2068_1_3_6_I_WB_->_23_SB_middle,1,I ST. & 23 ST.,I WB -> 23 SB middle
2068,5135.1,47.04198965843606,40.63945547038898,1,4,2068_1_3_6_I_WB_->_23_SB_middle,1,I ST. & 23 ST.,I WB -> 23 SB middle
2068,5135.2,46.552501559824975,41.03787601577009,1,4,2068_1_3_6_I_WB_->_23_SB_middle,1,I ST. & 23 ST.,I WB -> 23 SB middle
2068,5135.3,46.070851242434514,41.452718578946765,1,4,2068_1_3_6_I_WB_->_23_SB_middle,1,I ST. & 23 ST.,I WB -> 23 SB middle
2068,5135.4,45.59834500313476,41.88323670456467,1,4,2068_1_3_6_I_WB_->_23_SB_middle,1,I ST. & 23 ST.,I WB -> 23 SB middle
2068,5135.5,45.13666236647299,42.32831070959228,1,4,2068_1_3_6_I_WB_->_23_SB_middle,1,I ST. & 23 ST.,I WB -> 23 SB middle
2068,5135.6,44.68580333244922,42.78831382170677,1,4,2068_1_3_6_I_WB_->_23_SB_middle,1,I ST. & 23 ST.,I WB -> 23 SB middle
2068,5135.7,44.24614112874061,43.26343265474673,1,4,2068_1_3_6_I_WB_->_23_SB_middle,1,I ST. & 23 ST.,I WB -> 23 SB middle
2068,5135.8,43.81972850757159,43.75236091184205,1,4,2068_1_3_6_I_WB_->_23_SB_middle,1,I ST. & 23 ST.,I WB -> 23 SB middle
2068,5135.9,43.40973790419815,44.25472536531556,1,4,2068_1_3_6_I_WB_->_23_SB_middle,1,I ST. & 23 ST.,I WB -> 23 SB middle
2068,5136.0,43.018035457006135,44.769966173651504,1,4,2068_1_3_6_I_WB_->_23_SB_middle,1,I ST. & 23 ST.,I WB -> 23 SB middle
2068,5136.1,42.64312825528686,45.29771010917271,1,4,2068_1_3_6_I_WB_->_23_SB_middle,1,I ST. & 23 ST.,I WB -> 23 SB middle
2068,5136.2,42.28389661600881,45.83646426117049,1,4,2068_1_3_6_I_WB_->_23_SB_middle,1,I ST. & 23 ST.,I WB -> 23 SB middle
2068,5136.3,41.94127360836491,46.38753492651495,40,4,2068_1_3_6_I_WB_->_23_SB_middle,1,I ST. & 23 ST.,I WB -> 23 SB middle
2068,5136.4,41.61600568770952,46.950735491367496,40,4,2068_1_3_6_I_WB_->_23_SB_middle,1,I ST. & 23 ST.,I WB -> 23 SB middle
2068,5136.5,41.30809285404261,47.52718563875965,40,4,2068_1_3_6_I_WB_->_23_SB_middle,1,I ST. & 23 ST.,I WB -> 23 SB middle
2068,5136.6,41.01697526584846,48.11651214101424,40,4,2068_1_3_6_I_WB_->_23_SB_middle,1,I ST. & 23 ST.,I WB -> 23 SB middle
2068,5136.7,40.74321276464279,48.71852838429268,40,4,2068_1_3_6_I_WB_->_23_SB_middle,1,I ST. & 23 ST.,I WB -> 23 SB middle
2068,5136.8,40.48661873658705,49.33248791324061,40,4,2068_1_3_6_I_WB_->_23_SB_middle,1,I ST. & 23 ST.,I WB -> 23 SB middle
2068,5136.9,40.24681995400404,49.95839072785806,40,4,2068_1_3_6_I_WB_->_23_SB_middle,1,I ST. & 23 ST.,I WB -> 23 SB middle
2068,5137.0,40.024376258409525,50.59511714511349,40,4,2068_1_3_6_I_WB_->_23_SB_middle,1,I ST. & 23 ST.,I WB -> 23 SB middle
2068,5137.1,39.81854119444916,51.24210732349116,40,4,2068_1_3_6_I_WB_->_23_SB_middle,1,I ST. & 23 ST.,I WB -> 23 SB middle
2068,5137.2,39.62782185141428,51.89954787682963,40,4,2068_1_3_6_I_WB_->_23_SB_middle,1,I ST. & 23 ST.,I WB -> 23 SB middle
2703,7002.6,64.2550635157701,35.91196709748984,41,4,2703_1_2_5_I_WB_->_23_SB_middle,1,I ST. & 23 ST.,I WB -> 23 SB middle
2703,7002.7,63.65006145107429,35.97187013967594,41,4,2703_1_2_5_I_WB_->_23_SB_middle,1,I ST. & 23 ST.,I WB -> 23 SB middle
2703,7002.8,63.03423578374049,36.041850329145696,41,4,2703_1_2_5_I_WB_->_23_SB_middle,1,I ST. & 23 ST.,I WB -> 23 SB middle
2703,7002.9,62.40777312760729,36.12340057660778,41,4,2703_1_2_5_I_WB_->_23_SB_middle,1,I ST. & 23 ST.,I WB -> 23 SB middle
2703,7003.0,61.77272623489914,36.21614765438502,41,4,2703_1_2_5_I_WB_->_23_SB_middle,1,I ST. & 23 ST.,I WB -> 23 SB middle
2703,7003.1,61.12909510561602,36.32121124550893,41,4,2703_1_2_5_I_WB_->_23_SB_middle,1,I ST. & 23 ST.,I WB -> 23 SB middle
2703,7003.2,60.477999422789466,36.439524419172464,41,4,2703_1_2_5_I_WB_->_23_SB_middle,1,I ST. & 23 ST.,I WB -> 23 SB middle
2703,7003.3,59.81925257258089,36.57313992760004,41,4,2703_1_2_5_I_WB_->_23_SB_middle,1,I ST. & 23 ST.,I WB -> 23 SB middle
2703,7003.4,59.15416085186038,36.72168454311449,41,4,2703_1_2_5_I_WB_->_23_SB_middle,1,I ST. & 23 ST.,I WB -> 23 SB middle
2703,7003.5,58.48403055749806,36.88497165187725,41,4,2703_1_2_5_I_WB_->_23_SB_middle,1,I ST. & 23 ST.,I WB -> 23 SB middle
2703,7003.6,57.81110105555694,37.06188157085677,41,4,2703_1_2_5_I_WB_->_23_SB_middle,1,I ST. & 23 ST.,I WB -> 23 SB middle
2703,7003.7,57.13817155361583,37.254653666116106,1,4,2703_1_2_5_I_WB_->_23_SB_middle,1,I ST. & 23 ST.,I WB -> 23 SB middle
2703,7003.8,56.46318929945026,37.46664698674981,1,4,2703_1_2_5_I_WB_->_23_SB_middle,1,I ST. & 23 ST.,I WB -> 23 SB middle
2703,7003.9,55.786714134576016,37.69804814659644,1,4,2703_1_2_5_I_WB_->_23_SB_middle,1,I ST. & 23 ST.,I WB -> 23 SB middle
2703,7004.0,55.10911928667025,37.95184296707341,1,4,2703_1_2_5_I_WB_->_23_SB_middle,1,I ST. & 23 ST.,I WB -> 23 SB middle
2703,7004.1,54.429844914217206,38.22896451737362,1,4,2703_1_2_5_I_WB_->_23_SB_middle,1,I ST. & 23 ST.,I WB -> 23 SB middle
2703,7004.2,53.75113038327993,38.52791988678839,1,4,2703_1_2_5_I_WB_->_23_SB_middle,1,I ST. & 23 ST.,I WB -> 23 SB middle
2703,7004.3,53.07428199072851,38.847402778447616,1,4,2703_1_2_5_I_WB_->_23_SB_middle,1,I ST. & 23 ST.,I WB -> 23 SB middle
2703,7004.4,52.39873989504718,39.18983917225293,1,4,2703_1_2_5_I_WB_->_23_SB_middle,1,I ST. & 23 ST.,I WB -> 23 SB middle
2703,7004.5,51.723757640881615,39.55765504810594,1,4,2703_1_2_5_I_WB_->_23_SB_middle,1,I ST. & 23 ST.,I WB -> 23 SB middle
2703,7004.6,51.04877538671606,39.95141024752241,1,4,2703_1_2_5_I_WB_->_23_SB_middle,1,I ST. & 23 ST.,I WB -> 23 SB middle
2703,7004.7,50.37547265709777,40.37054492898656,1,4,2703_1_2_5_I_WB_->_23_SB_middle,1,I ST. & 23 ST.,I WB -> 23 SB middle
2703,7004.8,49.70534236273544,40.81412602330548,1,4,2703_1_2_5_I_WB_->_23_SB_middle,1,I ST. & 23 ST.,I WB -> 23 SB middle
2703,7004.9,49.04006402817635,41.281593688963405,1,4,2703_1_2_5_I_WB_->_23_SB_middle,1,I ST. & 23 ST.,I WB -> 23 SB middle
2703,7005.0,48.382810088676464,41.77182824292883,1,4,2703_1_2_5_I_WB_->_23_SB_middle,1,I ST. & 23 ST.,I WB -> 23 SB middle
2703,7005.1,47.73675297949173,42.28352338833164,1,4,2703_1_2_5_I_WB_->_23_SB_middle,1,I ST. & 23 ST.,I WB -> 23 SB middle
2703,7005.2,47.10543836355529,42.81555944214033,1,4,2703_1_2_5_I_WB_->_23_SB_middle,1,I ST. & 23 ST.,I WB -> 23 SB middle
2703,7005.3,46.492785131477454,43.36737656283913,1,4,2703_1_2_5_I_WB_->_23_SB_middle,1,I ST. & 23 ST.,I WB -> 23 SB middle
2703,7005.4,45.89860666941964,43.93785506739653,1,4,2703_1_2_5_I_WB_->_23_SB_middle,1,I ST. & 23 ST.,I WB -> 23 SB middle
2703,7005.5,45.324395888090514,44.52718156965111,1,4,2703_1_2_5_I_WB_->_23_SB_middle,1,I ST. & 23 ST.,I WB -> 23 SB middle
2703,7005.6,44.772765381230286,45.13460961424855,1,4,2703_1_2_5_I_WB_->_23_SB_middle,1,I ST. & 23 ST.,I WB -> 23 SB middle
2703,7005.7,44.24632774257919,45.76088565654317,1,4,2703_1_2_5_I_WB_->_23_SB_middle,1,I ST. & 23 ST.,I WB -> 23 SB middle
2703,7005.8,43.745829427491536,46.40544985501921,40,4,2703_1_2_5_I_WB_->_23_SB_middle,1,I ST. & 23 ST.,I WB -> 23 SB middle
2703,7005.9,43.27164366364451,47.06718252664516,40,4,2703_1_2_5_I_WB_->_23_SB_middle,1,I ST. & 23 ST.,I WB -> 23 SB middle
2703,7006.0,42.82377045103812,47.74571044374386,40,4,2703_1_2_5_I_WB_->_23_SB_middle,1,I ST. & 23 ST.,I WB -> 23 SB middle
2703,7006.1,42.40183656199516,48.441033606315294,40,4,2703_1_2_5_I_WB_->_23_SB_middle,1,I ST. & 23 ST.,I WB -> 23 SB middle
2703,7006.2,42.00528215499991,49.152405559005125,40,4,2703_1_2_5_I_WB_->_23_SB_middle,1,I ST. & 23 ST.,I WB -> 23 SB middle
2703,7006.3,41.63392061621377,49.87982630181335,40,4,2703_1_2_5_I_WB_->_23_SB_middle,1,I ST. & 23 ST.,I WB -> 23 SB middle
2703,7006.4,41.2870054902824,50.62180292403129,40,4,2703_1_2_5_I_WB_->_23_SB_middle,1,I ST. & 23 ST.,I WB -> 23 SB middle
2703,7006.5,40.96360370801286,51.37758897030459,40,4,2703_1_2_5_I_WB_->_23_SB_middle,1,I ST. & 23 ST.,I WB -> 23 SB middle
2703,7006.6,40.66259558637364,52.14643798527891,40,4,2703_1_2_5_I_WB_->_23_SB_middle,1,I ST. & 23 ST.,I WB -> 23 SB middle
