step,time_s,through_southbound_active,through_southbound_x_m,through_southbound_y_m,through_southbound_speed_mps,through_southbound_heading_rad,through_southbound_kappa_radpm,through_southbound_a_mps2,through_southbound_distance_to_destination_m,left_turn_northbound_active,left_turn_northbound_x_m,left_turn_northbound_y_m,left_turn_northbound_speed_mps,left_turn_northbound_heading_rad,left_turn_northbound_kappa_radpm,left_turn_northbound_a_mps2,left_turn_northbound_distance_to_destination_m,follower_southbound_active,follower_southbound_x_m,follower_southbound_y_m,follower_southbound_speed_mps,follower_southbound_heading_rad,follower_southbound_kappa_radpm,follower_southbound_a_mps2,follower_southbound_distance_to_destination_m,follower_left_turn_active,follower_left_turn_x_m,follower_left_turn_y_m,follower_left_turn_speed_mps,follower_left_turn_heading_rad,follower_left_turn_kappa_radpm,follower_left_turn_a_mps2,follower_left_turn_distance_to_destination_m,distance_through_southbound_to_left_turn_northbound_m,distance_through_southbound_to_follower_southbound_m,distance_through_southbound_to_follower_left_turn_m,distance_left_turn_northbound_to_follower_southbound_m,distance_left_turn_northbound_to_follower_left_turn_m,distance_follower_southbound_to_follower_left_turn_m
0,0.0,True,5.5,34.0,6.0,-1.5707963267948966,0.0005866889016008388,2.3218982493111118,62.0,True,16.5,-7.0,6.0,1.5707963267948966,0.05026045864900208,5.896571510037342,40.91760012512953,True,5.5,46.0,6.0,-1.5707963267948966,-0.004210118258880478,1.9597009880177014,66.0,True,16.5,-15.0,6.0,1.5707963267948966,0.019640093550335583,-0.5897603163174147,41.379342672401165,42.44997055358225,12.0,50.21951811795888,54.12947441089743,8.0,61.98386886924694
1,0.1,True,5.5,33.4,6.232189824931111,-1.570444313453936,0.0009104321471038651,1.938530689365149,61.4,True,16.5,-6.4,6.589657151003734,1.600952601984298,0.03412367292341338,4.9103473111345695,40.598152667332045,True,5.5,45.4,6.19597009880177,-1.5733223977502249,-0.0014333580953449297,1.6406301716031333,65.4,True,16.5,-14.4,5.941023968368259,1.582580382925098,0.015788303322421416,-0.06447172260510023,40.94642841567504,41.29213000076407,12.0,49.0493628908674,52.955075299729295,8.0,60.80328938470352
2,0.2,True,5.500219381391647,32.776781056119475,6.426042893867626,-1.569876914857589,0.0010395668503896305,1.6110961842565974,60.77678105651542,True,16.480131060346636,-5.7413338942113405,7.080691882117191,1.6234389325141263,0.02524970478469688,4.036667749002594,40.23782262560738,True,5.4984348556538745,44.78040496695371,6.360033115962084,-1.5742105021401882,-0.00013325053768355628,1.3683379679765717,64.78040498586125,True,16.4929992260371,-13.805938852397178,5.9345767961077485,1.5919602517709353,0.0119004084847196,0.37390156601271,40.517071933482505,40.05251102995354,12.003624043483013,47.86220850303668,51.701486913704116,8.064615224626891,59.609060786206776
3,0.30000000000000004,True,5.500810199363036,32.13417703833528,6.587152512293286,-1.5692088847404244,0.0010877337662424694,1.331374838560387,60.134177043793265,True,16.442873667035805,-5.03424559566689,7.4843586570174505,1.6413174704836122,0.0201918764776306,3.264721123263723,39.84573431411306,True,5.49626343304647,44.14440536216987,6.496866912759741,-1.5742952499234268,0.00044936648446378753,1.1359999924552318,64.1444054710019,True,16.48044026982897,-13.212614076150672,5.971966952709019,1.5990226405766974,0.008296744056741925,0.7311624148933314,40.08849050504534,38.74558547796618,12.010229184479476,46.65708671643679,50.38221894327024,8.178454759440564,58.39931352019123
4,0.4,True,5.501855871215582,31.475462617077863,6.720289996149324,-1.5684923779193234,0.0011021751135158432,1.0923437913370009,59.47546264603315,True,16.390136851251764,-4.287670031286646,7.810830769343823,1.6564297950352904,0.01735362527320903,2.582392180012011,39.42963007540925,True,5.493990233894332,43.4947226477725,6.610466912005265,-1.5740033024989653,0.0006790875449105645,0.9377851390034284,63.49472293218423,True,16.46358584678296,-12.615655265790801,6.0450831941983525,1.6039774287088922,0.005192416420691553,1.0127542506197618,39.65854428765864,37.38390455162132,12.019262604407313,45.43331597207355,49.009010000639215,8.32830912136814,57.17260303251197
5,0.5,True,5.5034041903038045,30.803435401087732,6.829524375283024,-1.567751684280387,0.0011005511258800314,0.8880035743722414,58.80343549962374,True,16.323331716317142,-3.509449081286166,8.069069987345024,1.6699844180596548,0.01592620721664885,1.977736286192678,38.99603576520398,True,5.4918702768502525,42.83367935590025,6.704245425905608,-1.5735543939243666,0.0007369966955899522,0.7687115451338966,62.83367988183156,True,16.443531275066697,-12.011479693294634,6.146358619260329,1.6071162876330924,0.0026930419526092144,1.2237963460653072,39.22568682148173,35.97839453295431,12.030249483841253,44.19053445218708,47.59208033129267,8.502880245037717,55.92790314102022
6,0.6000000000000001,True,5.505483533117956,30.120486128989644,6.918324732720248,-1.5670000602063425,0.001085925860823004,0.7132306088052505,58.120486387668954,True,16.243427322092217,-2.7065081168371785,8.266843615964293,1.6828353861260648,0.015471878500159382,1.4396918387655837,38.550392273685524,True,5.490021203300842,42.1632573632458,6.781116580418997,-1.573060293251835,0.0007151542361542296,0.6245226930761244,62.163258164172156,True,16.42121263228782,-11.397249182044934,6.268738253866859,1.6087715277948373,0.0008137771201951352,1.36938085940499,38.78891712678621,34.538601419726284,12.042781160690037,42.92872566386744,46.14034674114734,8.692559339976334,54.66460287466918
7,0.7000000000000001,True,5.508109907312711,29.428658640931907,6.989647793600773,-1.5662487814322592,0.001053133136935805,0.5636521126638825,57.42865921356061,True,16.151000036864303,-1.8850069113277201,8.410812799840851,1.6956257461266666,0.01574206265551228,0.9583609629738222,38.09716868631435,True,5.488485982564451,41.48514744304877,6.843568849726609,-1.5725753388270007,0.0006609422664496593,0.5015813169540809,61.485148521135116,True,16.397412694107917,-10.770827314692292,6.405676339807358,1.6092816633711862,-0.0004917515663347766,1.454963408804634,38.347732504063025,33.07290069873639,12.05650477269394,41.64823629253624,44.661610972742395,8.889236381067835,53.382502562913785
8,0.8,True,5.511288470398174,28.729701088914194,7.046013004867161,-1.565512678461564,0.0009916971542441144,0.4355404881448646,56.72970221204336,True,16.046280806840784,-1.0504701521595283,8.506648896138234,1.7088661003345544,0.016590921460835493,0.5250980244067859,37.63996318919054,True,5.487268504074028,40.800791641030834,6.8937269814220175,-1.5721230184363866,0.0005987354002316358,0.39677870313048463,60.80079297399857,True,16.372766318210456,-10.130734001292755,6.551172680687821,1.6089666632338329,-0.0013027807790625897,1.4866233069359818,37.902079890047055,31.58867934366011,12.071114450463215,40.34978458974353,43.16272529037219,9.08613142976757,52.08180456662609
9,0.9,True,5.515011318563344,28.02510962356061,7.089567053681647,-1.5648139273569948,0.0008876010468758625,0.325724925830409,56.025111634620316,True,15.929202509529425,-0.20790061394895942,8.559158698578912,1.7229794147076276,0.017931013717493775,0.13248450454320854,37.18159523227059,True,5.486353919345826,40.11141954957468,6.933404851735066,-1.5717102665980556,0.0005408573240634676,0.30745735699090626,60.111421098494304,True,16.34776634343468,-9.47609391988686,6.69983501138142,1.6081131890489608,-0.001708642255026285,1.4710377486506703,37.452303403623795,30.092494832321822,12.086343900212176,39.03445719663529,41.64973787584051,9.277639939083947,50.76309458583255
10,1.0,True,5.519252555460586,27.316165604616895,7.122139546264688,-1.5641846566431203,0.0007251415997549648,0.23151796610482653,55.3161689550017,True,15.79944878873937,0.6381229957781731,8.572407149033232,1.7383268539110701,0.01970885294150881,-0.22567518516700696,36.72419161134811,True,5.485720247967501,39.41807935396994,6.9641505874341565,-1.5713352683185797,0.0004932739954933373,0.23134490117241452,59.41808106987288,True,16.322770463680786,-8.806576856778943,6.846938786246486,1.6069684269287459,-0.001793791013489102,1.4151771003070281,36.99908685867898,28.590214970051097,12.101960205372764,37.703693746442994,40.12802027955017,9.459187115199482,49.427311519268486
11,1.1,True,5.523961444898351,26.603967216859004,7.145291342875171,-1.5636682006766947,0.0004896822325944759,0.15065536304300955,54.60397247426834,True,15.656505647595338,1.4833619570712726,8.549839630516532,1.7552220850965736,0.021890192286675048,-0.5544332720608243,36.26926903578517,True,5.485344920992795,38.72166439636617,6.987285077551398,-1.5709917448800317,0.00045862454825558165,0.166497579084871,58.72166622508935,True,16.298009048691704,-8.122330863181755,6.988456496277189,1.605740229202278,-0.0016300026248874384,1.3258620644586114,36.54339202463675,27.08714197987088,12.117758710675606,36.359261270172254,38.602379189459015,9.627089963778191,48.075706936195694
12,1.2000000000000002,True,5.529054655551266,25.88945623517229,7.1603568791794725,-1.563318308454963,0.0001718647607159705,0.0812476710982339,53.889464067622335,True,15.499716926971372,2.3238468612549292,8.494396303310449,1.7739378484497978,0.024450403167860974,-0.8577357988106803,35.81781529608037,True,5.48520837680665,38.022935901952636,7.003934835459885,-1.5706712908338092,0.00043785484379398905,0.11125212758252297,58.02293778734597,True,16.273593624070692,-7.423911842074681,7.1210427027230505,1.6046011089589935,-0.0012738309084745487,1.2093418534024372,36.08639520262765,25.588123246826488,12.133558889309098,35.00322285584814,37.07715387994318,9.778429571288607,46.70979796693821
13,1.3,True,5.534409133652825,25.17344056779036,7.168481646289296,-1.5631952471527948,-0.00022664765445275679,0.02174118774418251,53.17345170105861,True,15.328344821113111,3.1558199899740287,8.408622723429382,1.7947069898781507,0.02736795993660663,-1.1384968202671544,35.37037133852168,True,5.485295951178776,37.32254242388162,7.015060048218138,-1.5703646201544768,0.000431094001700883,0.06418458119647438,57.3225443097806,True,16.249525678941293,-6.712214416368152,7.241976888063294,1.603694008529464,-0.0007672169219931961,1.0709996148759815,35.6294254226406,24.097651175141316,12.149201126591526,33.63790594475089,35.55630088931637,9.910937252227065,45.33131866173728
14,1.4000000000000001,True,5.539857901174738,24.45661311151908,7.170655765063714,-1.5633577191079067,-0.0006868277884088323,-0.029114785606196732,52.45662825405271,True,15.141636103772495,3.975691453020982,8.294773041402665,1.8177196748598363,0.030620298873513217,-1.3985912989670204,34.9271158639512,True,5.4855987959699455,36.621036484429865,7.021478506337785,-1.5700622051236408,0.00043811878866025747,0.02407508028740437,56.62103831585761,True,16.225705550989804,-5.988408576396683,7.349076849550892,1.6031383918077433,-0.0001395237743307802,0.9152196990648911,35.17390721004618,22.619953506438023,12.164544382997493,32.265874938899756,34.043466461413814,10.02289858088124,43.94217451948434
15,1.5,True,5.545191821493697,23.739567373574527,7.167744286503094,-1.5638502196719626,-0.0011677530322664758,-0.07229954839530979,51.739587109923754,True,14.938893779030431,4.780009889861757,8.154913911505963,1.8431185178214073,0.03418436942863584,-1.638651751082696,34.48795327701505,True,5.4861142578772215,35.91888882300197,7.023886014366526,-1.5697545809578608,0.00045856853077837776,-0.010122060643325133,55.91889054705118,True,16.20194126231416,-5.253885218027605,7.4405988194573816,1.6030358547137538,0.000590107973542471,0.745388334788842,34.721309845512096,21.159075037563397,12.179464730726316,30.889911003852177,32.542046983684,10.113077671073007,42.54440351706319
16,1.6,True,5.550170573421718,23.02281023646586,7.160514331663563,-1.56468723518447,-0.00160776969458945,-0.10855920745327388,51.02283490274568,True,14.719552058023435,5.565449523739769,7.991048736397693,1.8709955768023716,0.03804385420113139,-1.8576250549502689,34.05260385883594,True,5.486845968146404,35.216500602693415,7.022873808302193,-1.5694324876488646,0.0004920013222745202,-0.03930400275615383,55.21650216951266,True,16.177957278254922,-4.510211985734179,7.515137652936266,1.603474930382883,0.0014106225310590583,0.5639897658674694,34.27310385861551,19.7189502728819,12.193854794652264,29.51299989719091,31.055236141893538,10.180663074667253,41.14014528570192
17,1.7000000000000002,True,5.5545449700151135,22.306772165135822,7.149658410918236,-1.5658384809784822,-0.0019348741489199253,-0.13845912979088834,50.306801735238935,True,14.483248315055953,6.328816499796757,7.8052862309026665,1.9013966061065366,0.04221118019450306,-2.051877742022176,33.6206907185409,True,5.487803774871215,34.51421387501045,7.018943408026577,-1.5690869613288794,0.0005378432189442,-0.06424121103555028,54.51421523931432,True,16.15340322854783,-3.759099452175601,7.571536629523013,1.6045350326326073,0.0023173758209889136,0.37276354353690294,33.83072457997053,18.30346444439643,12.207624154073386,28.138327234479103,29.58605495286998,10.225236705774561,39.73161870283193
18,1.8,True,5.558089645897714,21.591815111040244,7.135812497939147,-1.5672218499017716,-0.0020857625847515286,-0.16245321267377488,49.591849132841986,True,14.229880247752346,7.067077668986917,7.600098456700449,1.9343436404627672,0.04677494337493817,-2.2151514593866417,33.19181280819629,True,5.4890035682338905,33.81232055965071,7.012519286923022,-1.5687094522172633,0.0005952345112340017,-0.08559592929305197,53.812321683199265,True,16.127862689950106,-3.0023766824572413,7.608812983876704,1.6062896422239061,0.003310948693455825,0.17288735539370578,33.395542003713125,16.916499342446716,12.220700728912602,26.769280382149155,28.137358483111942,10.246767699460579,38.321107192248434
19,1.9000000000000001,True,5.5606403201548495,20.87823841991428,7.11956717667177,-1.568710210973772,-0.002026451511730173,-0.1809600782752736,48.878276036317125,True,13.959626880292088,7.777414267292112,7.378583310761785,1.969893057958379,0.0519384426239422,-2.341019270610539,32.765584002025726,True,5.4904669919941815,33.11107015794988,7.003959693993717,-1.5682920428682363,0.0006627810659134674,-0.10393795828080099,53.11107101349884,True,16.100862159956478,-2.2419746035436114,7.6261017194160745,1.6088088811646777,0.004396375605954424,-0.03482158102535815,32.96883592670686,15.56195902562702,12.23303301013597,25.409457425972384,26.711809934929782,10.245635259363187,36.91095040131695
20,2.0,True,5.5621255432502785,20.166283251421362,7.101471168844243,-1.5701529567405752,-0.0017636673750517549,-0.1944243197099878,48.16632331660035,True,13.672905302097377,8.45728605912941,7.1444813837007315,2.008216270551577,0.05800443866269684,-2.425123646961996,32.341614616275585,True,5.492220980529306,32.41067638479431,6.993565898165636,-1.5678278336810763,0.0007382110514126974,-0.11975787493935525,52.410676962092175,True,16.071880380067242,-1.4799153336811814,7.622619561313539,1.6121616019214544,0.005582756284624707,-0.24969597349337208,32.551775335273256,14.243783329776699,12.244592678095902,24.062686049476955,25.31182537990507,10.222673473509623,35.50354066904639
21,2.1,True,5.562582430607925,19.456136281510766,7.0820287368732435,-1.5714054200421113,-0.0013407311463949614,-0.2033442193579081,47.456177546552816,True,13.370262398786592,9.104467189490983,6.9019690190045315,2.049657433771342,0.06532987587513692,-2.4641560256516075,31.919440316028606,True,5.4942970127012964,31.71132287632361,6.981590110671701,-1.5673115609175954,0.0008179297770735215,-0.1334779992005664,51.711323190800805,True,16.04035819585618,-0.7183054324405517,7.5976499639642014,1.6164171246475771,0.006883128990631857,-0.47100468215075186,32.145401123946314,12.965990879071915,12.255376835168274,22.733057063590074,23.93952286091121,10.179207903746557,34.10132253628067
22,2.2,True,5.5621510690465765,18.747933539193152,7.061694314937453,-1.5723549296928303,-0.0008216876043390427,-0.20826490743262963,46.74797485389291,True,13.052241280632403,9.717030926420408,6.65555341643937,2.0947479117019023,0.07428935382451146,-2.452888024629139,31.498435687872014,True,5.49672992847593,31.013168104331665,6.968242310751644,-1.5667405158733114,0.0008964958626243423,-0.14546149232649744,51.01316820914155,True,16.005709132394482,0.040669067888991495,7.550549495749126,1.6216466851203406,0.008314549054625189,-0.6977223100633081,31.750611426312673,11.732802452060607,12.265409037757449,21.42497722336801,22.596707956978584,10.117062378409738,32.706793491121
23,2.3000000000000003,True,5.5610504317698375,18.041764965427806,7.04086782419419,-1.572935180361252,-0.00027342135606141623,-0.20975127601464985,46.04180544121738,True,12.719260275532726,10.293301316978162,6.410264613976456,2.1441915879670823,0.08524167004504785,-2.381519665870326,31.07774065740112,True,5.49955610805448,30.316349604489357,6.9536961615189945,-1.566115815833176,0.0009660616949218277,-0.15601948693153583,50.31634960644737,True,15.96733086213664,0.7947480327524797,7.4807772647427955,1.6279246265375187,0.00989832999321431,-0.9282972409113908,31.36814911666307,10.548869943206688,12.274738678005939,20.143243668074525,21.284891143482685,10.038549548059022,31.322504172919782
24,2.4000000000000004,True,5.559544494392437,17.337679793498765,7.019892696592724,-1.573127692724086,0.00024662942629370303,-0.20835784370104643,45.33771889502866,True,12.371511492957893,10.831804528138235,6.172112647389423,2.198833754079685,0.09846652790004502,-2.233991131891486,30.65619943597905,True,5.502810781281843,29.62098760511822,6.938094212825841,-1.5654440458831993,0.001015866989220942,-0.16541642070682178,49.62098768472658,True,15.924617695815622,1.5416053620127341,7.387947540651656,1.6353293467347345,0.011660316346986558,-1.1604241054988038,30.998591253301548,9.419623525278215,12.283438830767011,18.89313922872289,20.005310549122953,9.946474965286194,29.951056183684937
25,2.5,True,5.557907902009051,16.635692431588218,6.99905691222262,-1.5729545615132456,0.0006952172580903562,-0.20460651910040265,44.635729994842215,True,12.00886419294208,11.331240891563933,5.948713534200275,2.2596084042993243,0.11403060912316484,-1.9873181224020067,30.232296034971835,True,5.506524226473881,28.92718812156027,6.921552570755159,-1.5647392277953078,0.0010319469391806856,-0.17387369544916478,48.9271885565488,True,15.876974123987699,2.2788622905645695,7.271905130101776,1.6439439272826284,0.0136312021994723,-1.3908363145056934,30.642340493700868,8.35176886701221,12.291603092303015,17.680545788854648,18.7589387748973,9.844177607829154,28.595095745105613
26,2.6,True,5.556397342419378,15.935788370437663,6.978596260312579,-1.5724679749976722,0.0010424749394230943,-0.19897561011165904,43.93582456711285,True,11.63075173442517,11.790482544546405,5.749981721960074,2.3274419470797314,0.13154162231557373,-1.612513619193522,29.804067686206885,True,5.510716653753355,28.235045561497113,6.904165201210242,-1.564024960296331,0.0009972961408387365,-0.18157136693186876,48.235046751986985,True,15.823829304989527,3.00410822845437,7.132821498651206,1.653856408203008,0.01584683673177658,-1.6151725434924333,30.299618753176254,7.354001745298138,12.299342022122346,16.512071656838586,17.546466373806343,9.735618785431754,27.257301613714766
27,2.7,True,5.555230767173048,15.23792971945834,6.958698699301413,-1.5717404738262994,0.0012685605188777656,-0.19189869677285573,43.23796499446362,True,11.236023424970785,12.208588344247909,5.588730360040722,2.403078139478884,0.14977626710277028,-1.078762727159876,29.36898099589615,True,5.515391681321471,27.544644869599097,6.886008064517055,-1.563336410565243,0.0008928367465284223,-0.1886479208756252,47.54464736098218,True,15.764652130024393,3.7149313339309398,6.9713042443019635,1.6651596739756112,0.018348474882400143,-1.8279479439323378,29.97046350491033,6.438036532084181,12.30677963317234,15.395186791887667,16.368269832062733,9.625522705658229,25.940365975393487
28,2.8000000000000003,True,5.554573763798721,14.542060159682114,6.939508829624128,-1.5708577207830294,0.0013601693891575673,-0.18377030100995032,42.542095163798734,True,10.822753922641473,12.58481618587701,5.480854087324734,2.486784056595966,0.1662776058726431,-0.36388447661802964,28.9237662924652,True,5.520528538008318,26.85606322349653,6.867143272429493,-1.5627216024615538,0.0006995978237439162,-0.1951981027841448,46.856067720469,True,15.698966153938606,4.408960282327103,6.788509449908729,1.6779509540580255,0.021183129823657568,-2.0226900567097768,29.65472725044628,5.620011224100966,12.314050127112116,14.338354511225482,15.22439115492676,9.519562252554664,24.6469678206639
29,2.9000000000000004,True,5.554531159386474,13.848109278027529,6.921131799523133,-1.569913830034445,0.0013083910952189888,-0.1749552896188223,41.848144807064955,True,10.388032028816568,12.918604277777739,5.444465639662931,2.5779183861737307,0.17725784448874443,0.5254660975509216,28.46423318168962,True,5.526073506639694,26.16937128342179,6.847623462151078,-1.5622411786126809,0.00040248188651001524,-0.20126862042014004,46.16937864574529,True,15.626363259426878,5.083917632997143,6.586240444237752,1.6923311417566798,0.024403899114736383,-2.192315539593155,29.35208061536688,4.922063611969154,12.321294868785992,13.35113691946213,14.114583483377514,9.424565183789158,23.37973927858187
30,3.0,True,5.555141946946367,13.155996367584255,6.90363627056125,-1.5690082753129118,0.0011086543744000489,-0.16579943826395643,41.15603330792365,True,9.927812613481711,13.20949970703634,5.497012249418023,2.674425810541699,0.1784047039498019,1.5250725015802835,27.985149788286844,True,5.531931678520075,25.48463399612378,6.827496600109064,-1.561965574171765,-4.251260919116014e-06,-0.20685230969714832,45.484645204655955,True,15.546514418023849,5.737683488957613,6.367008890278436,1.7084041364913372,0.028069938807539586,-2.32976525878715,29.062019264550838,4.372997983684782,12.328659476699041,12.444231186417376,13.038508005500068,9.348681595022336,22.14122674512045
31,3.1,True,5.556376351995075,12.465633844118312,6.887056326734855,-1.5682429006578493,0.0007629758424393487,-0.15663894492889255,40.46567311560896,True,9.437013080727771,13.457062336185071,5.649519499576051,2.7724950948382845,0.16696828027306937,2.493277144861043,27.4803628692644,True,5.537960793509845,24.801910957097377,6.806811369139349,-1.5619684767187123,-0.000510349675903842,-0.21188194690962633,44.80192703924158,True,15.459175653232982,6.368365629384668,6.134032364399721,1.7262762914850547,0.03224556732585231,-2.428917227136367,28.78387464298528,4.005280498950226,12.3362908583174,11.62936428541987,11.996174347260679,9.301401133737082,20.9338505211447
32,3.2,True,5.558134909047313,11.776930456618816,6.871392432241965,-1.5677174348975675,0.00028421065259167234,-0.14780670297131956,39.776972939357,True,8.910108778789574,13.660882262492393,5.8988472140621555,2.866824150359623,0.14411978799770445,3.235950322726711,26.943407186196687,True,5.543969666489315,24.121256343070584,6.785623174448387,-1.5623158621163302,-0.0010834665105590908,-0.21622600761427535,44.12127825236387,True,15.364187529258173,6.974369578859239,5.891140641686085,1.7460558268435755,0.0369974184303007,-2.4857203486531545,28.51682841399353,3.84512720599582,12.344334013830798,10.918940377844871,10.988644976929121,9.293254778904824,19.759868536428343
33,3.3000000000000003,True,5.560250533153073,11.08979447028615,6.8566117619448335,-1.5675221426048294,-0.00029871931532477825,-0.139632904505637,39.08984090343627,True,8.342351792950721,13.820932222128963,6.222442246334826,2.9518382113517716,0.11498352420153242,3.5884529494995197,26.36872577142073,True,5.549724121278951,23.442718425997274,6.764000573686959,-1.563051061662609,-0.0016666114496913288,-0.21969081829260062,43.44274688286549,True,15.261467439974798,7.554459195952039,5.642568606820769,1.7678515263787966,0.04238942075074936,-2.4992643257905325,28.259930729666507,3.8986152463802672,12.35292844069489,10.32531863794792,10.018859169862477,9.3350332364002,18.62135171380829
34,3.4000000000000004,True,5.5624955101247755,10.404136969329004,6.84264847149427,-1.567726962841927,-0.0009366596544192762,-0.13243737633800384,38.404187819139835,True,7.731276490452757,13.93829852805509,6.581287541284778,3.0233860452141794,0.085535148569492,3.494688038544888,25.75317067554317,True,5.554962966679435,22.766338656853307,6.7420314918576985,-1.5641783577427915,-0.0021828565168228397,-0.22203455645502512,42.766373975827925,True,15.150995892760694,8.107796201838068,5.3926421742417165,1.791770047857746,0.048478271122467276,-2.4724006993573453,28.012123289106555,4.1465538539623,12.362203982390822,9.85964099286835,9.092339251778405,9.436471447792705,17.520180216650736
35,3.5,True,5.5645957646831485,9.719875345404924,6.8294047338604695,-1.5683678861171892,-0.001560206827187508,-0.1265116362019756,37.7199306558973,True,7.077740336434442,14.01591265306885,6.930756345139267,3.0796791859764134,0.05958907473237561,3.0137233016451157,25.09704142499711,True,5.559424789685952,22.09215027182471,6.719828036212196,-1.5656500464806542,-0.002549331499029285,-0.22299707117766918,42.09219221912185,True,15.032800084873873,8.633947935838904,5.145402104305982,1.8179126447966802,0.055314240058448635,-2.4116275694509812,27.772268530178923,4.554727548806923,12.372276007020622,9.5302744654981,8.217718428743192,9.604609300682108,16.458069437203463
36,3.6,True,5.566254243479073,9.036936885778552,6.816753570240272,-1.569433414506329,-0.0020871121346722793,-0.12209096668559988,37.0369961458259,True,6.385992653246763,14.058795959393832,7.232128675303779,3.1209789217566524,0.038374028127934674,2.2706015315315016,24.404149293311956,True,5.562882986295095,21.420176366647695,6.697528329094428,-1.5673631534087318,-0.002697990667393503,-0.2223438279282789,41.42022410024076,True,14.9069389704267,9.132857354491309,4.9042393473608845,1.846374045516163,0.06295106830401018,-2.326084572424013,27.53918531077152,5.088323851299226,12.383239939770661,9.341177222628351,7.407255296270701,9.842326822430321,15.436631457059711
37,3.7,True,5.567183306912348,8.355262161870607,6.804544473571712,-1.5708561474158809,-0.002438315806625102,-0.11932146801446832,36.355324238068185,True,5.662933436229239,14.07370301971827,7.459188828456929,3.1487315126777475,0.02166600951267759,1.4078912292373402,23.681056667790287,True,5.565182359379346,20.750427480815368,6.675293946301601,-1.5691701403013818,-0.002595350818966194,-0.21991257777602616,40.750479612013976,True,14.773493194249076,9.604776691436065,4.671630890118483,1.877246756129656,0.07146455252308526,-2.22570374988098,27.311689299121966,5.7192424264027935,12.395165480450917,9.290717318983996,6.677439988681115,10.147590927509066,14.457472806489063
38,3.8000000000000003,True,5.56714260170478,7.674807715730942,6.792612326770265,-1.5725153102505602,-0.0025589336994800514,-0.11823287620393354,35.67487089932267,True,4.91703356055011,14.068378055152495,7.599977951380663,3.164892598289168,0.008855658363748723,0.5602040835129859,22.935961864798728,True,5.566267886186474,20.08289896881992,6.653302688523998,-1.570902613262419,-0.002251827805053237,-0.2156456439194324,40.08295374816288,True,14.63256114035738,10.050174836830678,4.449060515130386,1.9106323572411898,0.08097428368383021,-2.118910622846366,27.088633816433383,6.426537438661825,12.408091283920763,9.371455716213351,6.049460061073825,10.51367838854354,13.522323279644816
39,3.9000000000000004,True,5.565974963458777,6.995547486629576,6.780789039149872,-1.5742534947096078,-0.002435285978535102,-0.11873074585551449,34.995609675854325,True,4.157242052701468,14.050671750743938,7.655998359731962,3.171622879120113,-0.0005493660599338408,-0.15827106792265871,22.177569738518198,True,5.566197170582595,19.417568703725575,6.631738124132054,-1.5724008224613644,-0.001716412355005899,-0.20959657326035055,39.41762428886753,True,14.48425949189632,10.469636415210218,4.237169452845749,1.9466583060690594,0.09165929731803552,-2.0105602596215735,26.868944807053545,7.194394122922789,12.422021219083437,9.571054947802518,5.5487599901353635,10.93028376867571,12.63318359744254
40,4.0,True,5.563630735498233,6.31747263491347,6.768915964564321,-1.5759048107566525,-0.002098755735067417,-0.12061628713205522,34.31753162624805,True,3.391987405281506,14.027684070470928,7.640171252939696,3.171202284554738,-0.00687559775668737,-0.6683003475319391,21.4140730225368,True,5.565133111531017,18.754395744951623,6.610778466806019,-1.5735391021865068,-0.0010607521374789242,-0.20191283452518854,38.75445047834561,True,14.328723818267713,10.86377434024432,4.036113426883592,1.9854959035355881,0.10375699994298128,-1.9007148330126338,26.651642737494413,8.010205686165355,12.436923200781406,9.873991895150997,5.202342310369703,11.385188981662141,11.792473371927828
41,4.1000000000000005,True,5.560172860673735,5.640589870725287,6.7568543358511155,-1.5773254408767343,-0.0016142383771669672,-0.12362899001193764,33.64064368622435,True,2.6283051739798804,14.005065110799183,7.573341218186503,3.165949210121996,-0.010463199597877285,-0.9443910742699421,20.652284856271816,True,5.563319925754582,18.093320384853243,6.590587183353501,-1.5742403419254132,-0.0003611929963347376,-0.1928056080793999,38.093373011011685,True,14.16610275817773,11.233174538893305,3.8460419435823283,2.027373405595891,0.11753413465876063,-1.784467014675648,26.435845127514987,8.863424517312078,12.452730911792488,10.263480533979743,5.032707301141797,11.866092467048386,11.003157432740652
42,4.2,True,5.555761264738474,4.964918839097909,6.744491436849922,-1.5784161582345202,-0.0010597781975849039,-0.12749553368721298,32.964966000088,True,1.8711956822021791,13.986620883221503,7.478902110759509,3.1580250720431247,-0.01182166347158279,-1.0207337502901221,19.89701874841287,True,5.5610501220438575,17.434265575140916,6.571306622545561,-1.5744783893186494,0.0003144184374493825,-0.1825187512403094,37.43431535727055,True,13.996539078207409,11.57838251208174,3.6675952421147633,2.0725775267659157,0.13321639890131948,-1.6526532940305079,26.220745799431278,9.745108070460525,12.469347857673954,10.723088727145093,5.049879177657565,12.36218283812683,10.268828578653972
43,4.3,True,5.550622125680637,4.290489275194337,6.731741883481201,-1.5791309247323773,-0.0005071676088061327,-0.13196848625239221,32.29052895557843,True,1.1234064431479873,13.974331791392435,7.376828735730497,3.1491837656540937,-0.01160315645457952,-0.9686825558725964,19.150892127104218,True,5.558630531326471,16.777139367433545,6.5530547474215295,-1.5742717753226232,0.0009129252515378857,-0.1713046039380202,36.777186102131765,True,13.820132174846242,11.899930569215277,3.5023299127117125,2.1214359098441298,0.15086014358586902,-1.4932320336677416,26.00556971116411,10.647865728782879,12.486652660364124,11.237810874916965,5.2466125281625375,12.865068392221577,9.593725817809135
44,4.4,True,5.54501155443627,3.6173384679093257,6.718545034855961,-1.5794723368757917,-9.940445140332374e-06,-0.13684795617987439,31.61737050790865,True,0.3857448239541652,13.968732011812788,7.279960480143237,3.1406243158581617,-0.010454024906533264,-0.8604862327101792,18.41464434614519,True,5.556353055463914,16.121837850320443,6.535924287027727,-1.57367353040726,0.0013962948475580448,-0.15940914883525167,36.12188180800805,True,13.636878932491411,12.198395638094691,3.3530067093449385,2.1742721091958073,0.17015309204154108,-1.2932600285873121,25.78950461718621,11.565871411053548,12.504504525744535,11.794611473974998,5.600986898357478,13.368868539953132,8.982666488408992
45,4.5,True,5.539182611118932,2.945509250567835,6.704860239237974,-1.5794790154086258,0.0004001782138820885,-0.14198813516627326,30.945534056693763,True,-0.3422508827472597,13.96943695774439,7.193911856872219,3.133013827040362,-0.008891239433373768,-0.7467523354151183,17.68779703840767,True,5.554472539561619,15.46824812693311,6.519983372144202,-1.5727609226666595,0.0017388394545702973,-0.1470656978350073,35.46828995668188,True,13.44659320520566,12.47447150071302,3.223680706486207,2.2313245551189147,0.1901591564802329,-1.041551321989278,25.571613166789646,12.494728569914034,12.522748210658156,12.382579047523462,6.084224029413365,13.869648265172092,8.440868858641714
46,4.6000000000000005,True,5.53336106290085,2.27504850014803,6.6906614257213475,-1.579210701509139,0.0007108705607975353,-0.14729403516473902,30.275066880963838,True,-1.0616155963446783,13.975608414247583,7.119236623330708,3.1266175477621583,-0.007263173371828453,-0.6540399273216425,16.969332465567234,True,5.5531916271439075,14.816251047956719,6.505276802360702,-1.5716272022335969,0.0019235778867352116,-0.1344949285988218,34.81629168052717,True,13.248809413139416,12.729035332726939,3.1195255742872794,2.2926257955096165,0.20909707351393084,-0.7319908502696563,25.350732875028292,13.431188310772306,12.541218226170907,12.992843566399628,6.668009796148039,14.364616542032708,7.973644245264055
47,4.7,True,5.527731356101321,1.6060060429469138,6.675932022204874,-1.578735082085158,0.0009241206900574657,-0.1527137125593271,29.606019030648486,True,-1.773459434378154,13.986269147970129,7.053832630598544,3.121446722775126,-0.005770851218652844,-0.5921199661606558,16.258175450158255,True,5.552651119734395,14.165723592267828,6.491827309500819,-1.5703758615731855,0.0019393935448076302,-0.12190895726538555,34.16576416127196,True,13.042683961730512,12.963186344614138,3.0463264892603137,2.35785416234315,0.2243547394705295,-0.36695158562212854,25.125378203598864,14.372832062908873,12.559742270975915,13.618372041820233,7.328308109560997,14.851424293870847,7.585953322172168
48,4.800000000000001,True,5.52243155270485,0.9384338777580383,6.660660650948941,-1.5781181453944444,0.001050760654261678,-0.15822941203450855,28.938442571636966,True,-2.478699559372709,14.000478789156032,6.994620633982478,3.1173760609118797,-0.004510297881181106,-0.561735379184814,15.553450100191402,True,5.552924078487252,13.516540918702578,6.479636413774281,-1.5691168407753804,0.0017799565470625546,-0.10951744646966002,33.516582703389496,True,12.826918940393462,13.178236353586733,3.0096313306981006,2.4261999409271673,0.23298559190215165,0.040509308860780545,24.893668408980236,15.317803900691302,12.5781440017034,14.25371181988061,8.046190037694233,15.327688680399122,7.281857677118948
49,4.9,True,5.517554781374344,0.27238566616042004,6.64483770974549,-1.5774182693801038,0.0011059218884284688,-0.1638491226259392,28.272391116183687,True,-3.17795653535228,14.017415721500477,6.938447096063997,3.114221278649368,-0.0035122905117896557,-0.5598120069195035,14.854576545033542,True,5.554012323852503,12.868578191171803,6.468684669127315,-1.567963493649652,0.001444828318839634,-0.09753405601121953,32.86862256986597,True,12.599741219036193,13.375642256198878,3.0136822615841785,2.496320014626163,0.23271727359267078,0.46732066809644823,24.6533122748931,16.264617065320728,12.596245284986958,14.89472047412061,8.807219074669018,15.790744745248727,7.063951417618058
50,5.0,True,5.513154640152103,-0.39208353601962176,6.628452797482896,-1.5766834022332776,0.0011057903015433573,-0.1695993128076661,27.607919597946463,True,-3.871541349674773,14.036404833907905,6.882465895372047,3.111784294459162,-0.002771529451691234,-0.5822896585292691,14.161280290922349,True,5.555844791835276,12.221712319798828,6.458931263526193,-1.5670288797700922,0.0009426782384959741,-0.08618166404927603,32.221760713229976,True,12.358967346000695,13.55689001425772,3.0604143283938234,2.5664536065652093,0.22301152650868036,0.8845938437866604,24.401677331578608,17.212024734545512,12.613868095921783,15.538307974483414,9.600454071651988,16.237590553486104,6.932905304616151
51,5.1000000000000005,True,5.509252442526512,-1.0549173294688388,6.61149286620213,-1.5759504343515083,0.0010655696219076904,-0.17551896808907813,26.945084259089846,True,-4.559482195133362,14.056917297419517,6.824236929519119,3.1098767987662335,-0.002265335165747696,-0.6254478025039234,13.473563888104868,True,5.5582781542161,11.57582377723356,6.450313097121265,-1.5664200103754855,0.00029598177292807274,-0.07569469444610838,31.575877557942345,True,12.10216287625039,13.723361702333039,3.1488737127724895,2.6347043736776237,0.20542080963217776,1.2639538098279672,24.135949549507522,18.15893617462305,12.630836252004396,16.182212429976943,10.41752847573631,16.664983522937547,6.887259715954841
52,5.2,True,5.505844823079477,-1.7160578344510404,6.593940969393222,-1.5752459337561397,0.0009984026130814689,-0.18165453297229733,26.283942815412598,True,-5.241562693411987,14.0785573198342,6.761692149268727,3.1083308803766503,-0.0019645402188496093,-0.6864271575896471,12.79166834775542,True,5.561101006317195,10.930798644378292,6.442743627676655,-1.5662290928648428,-0.0004541596385277393,-0.06631668592280113,30.93085899408626,True,11.826869647450728,13.876226658313646,3.2752690937552864,2.699388792428344,0.18292216465902325,1.5832533416206707,23.85335581674188,19.10436170610037,12.646977189901683,16.824823640491086,11.251929953939214,17.069631521248475,6.923539762974394
53,5.300000000000001,True,5.502910788197383,-2.3754454037285746,6.575775516095992,-1.574587592966705,0.0009149673757502732,-0.1880556227685072,25.62455476159504,True,-5.91735790441878,14.101043760084021,6.693049433509763,3.1070025187591783,-0.0018393073209165267,-0.7633673230227072,12.116037402187038,True,5.564043547817014,10.286531001259997,6.436111959084375,-1.56652169627655,-0.0012452865902917488,-0.05829119983098598,30.28659871405668,True,11.530847304092113,14.016386026882287,3.4335944279173534,2.7593007236753957,0.15872622900637967,1.8295809151703226,23.551396376788606,20.04737469537552,12.662123980390732,17.465055290185003,12.098474568912952,17.448410584637717,7.036658694157227
54,5.4,True,5.500417742643016,-3.0330182294328756,6.5569699538191415,-1.5739859309599564,0.0008234969050925,-0.19477132419781437,24.966981774061917,True,-6.586262483562589,14.124190491915911,6.616712701207492,3.105771461276947,-0.0018619242592474658,-0.8553826539186119,11.447289914585957,True,5.566794739498467,9.642925685524474,6.4302828391012765,-1.5673231766681763,-0.0019957686644438703,-0.051844762455253636,29.643000940099693,True,11.212274267522774,14.144475555436507,3.6165525194343857,2.8138008732234594,0.135340760551069,1.9993122034603656,23.228034758583117,20.987082932091266,12.676117703810416,18.102253939497086,12.952935348097702,17.798548310565625,7.220484078830629
55,5.5,True,5.498326332321719,-3.6887118894264264,6.53749282139936,-1.573445966513581,0.0007300430408537317,-0.20184669318167195,24.31128816818392,True,-7.2475092847428,14.14788727718615,6.531174435815631,3.104539479487462,-0.0020079213018383744,-0.962485523583651,10.786201957782614,True,5.569028068774184,8.999901279962174,6.425098362855751,-1.5686065123675552,-0.0026143659414879354,-0.04716240169081793,28.999983433130275,True,10.869875134442108,14.260911610522037,3.816483739780422,2.862747570078773,0.11424371381673779,2.09625705787303,22.881814620183306,21.92260466750324,12.688810145081343,18.736128744312765,13.811784445237707,18.117736963882937,7.468414109558858
56,5.6000000000000005,True,5.4965941342845435,-4.34245887671466,6.517308152081193,-1.5729687013996916,0.0006388551869448533,-0.20931949127906335,23.65754136844863,True,-7.900178434833783,14.172081814380123,6.434925883457265,3.1032280710598923,-0.0022563278405386684,-1.0855072632952674,10.133698444806647,True,5.570435044958915,8.357392984185589,6.420382122686669,-1.5702862682006111,-0.0030173225912977176,-0.04435978611850943,28.35748045851564,True,10.50296832391811,14.365958617862514,4.026109445567725,2.9063484976941436,0.09602263363942104,2.1291416821468743,22.51189889506269,22.853046454923373,12.700066526160434,19.36668964170259,14.672015325576844,18.404167974648807,7.773850109324423
57,5.7,True,5.495178331926002,-4.99418815409563,6.496376202953287,-1.572552339787904,0.0005527884873247834,-0.2172173242506484,23.00581235117849,True,-8.543197521810992,14.196763083368555,6.326375157127739,3.1017761408176274,-0.002589538161979356,-1.2260381192409526,9.490853631561354,True,5.570762522052743,7.715354855433177,6.415946144074818,-1.5722235046029658,-0.0031488981496842496,-0.04346012205416088,27.715445190310593,True,10.111446306456582,14.459799347397999,4.239023613782412,2.9450082609225396,0.0806845552081335,2.109244877082962,22.118044093191966,23.77748106948072,12.70976775873028,19.99418814858325,15.531018019979578,18.656498182556017,8.130519093830516
58,5.800000000000001,True,5.494037560410295,-5.6438247727859,6.474654470528222,-1.5721932275904718,0.00047368955745644256,-0.22555530553194034,22.35617602231176,True,-9.175333626345804,14.221945847926532,6.203771345203644,3.1001379018279893,-0.002993045473170486,-1.386394013031351,8.858899755040795,True,5.569846852768128,7.073760894437248,6.411600131869402,-1.574243820697121,-0.0029972648458551306,-0.04438605487373999,27.073850992276686,True,9.69570854362285,14.542596234634495,4.449948101490708,2.9792106344020204,0.06793886864239772,2.0485430273937086,21.700529657462283,24.694924445512914,12.717811614109065,20.619059923769406,16.38648514755172,18.873766165003506,8.53265703231074
59,5.9,True,5.493133115706344,-6.291289588128856,6.452098939975028,-1.571886529969389,0.0004027183739900468,-0.23433501013846467,21.708711497935166,True,-9.795177779250286,14.247656062741337,6.065131943900509,3.0982810848538547,-0.003455182818208638,-1.5696120631920547,8.239243234304844,True,5.567636461910817,6.432604691408582,6.407161526382027,-1.5761655470652143,-0.002597892893974929,-0.04697344926506734,26.43269122626856,True,9.256567647348216,14.614538254891913,4.654802404230079,3.009443078355287,0.05738738248371287,1.9584240713835444,21.260062297726993,25.604310935275123,12.724112400691892,21.241870851598193,17.236330506955138,19.055277650636164,8.97509053593041
60,6.0,True,5.492429705971033,-6.936499098696557,6.428665438961182,-1.571626692089996,0.00034058180867459534,-0.24354594757879544,21.063502261698137,True,-10.401122185943542,14.273916888440096,5.908170737581304,3.0961854708855814,-0.003966944268503902,-1.7794747994364346,7.633488109498302,True,5.564196332285586,5.791897774199425,6.40246418145552,-1.5778300590052081,-0.0020224218567127805,-0.05100480972186989,25.791977666782987,True,8.795145954861209,14.675872388347003,4.850644811368433,3.0361557709510527,0.048628887932223516,1.848895820088994,20.79767184068006,26.504466379996476,12.728599192472075,21.863269104016826,18.07860734799155,19.200476003411502,9.453255545495434
61,6.1000000000000005,True,5.491895891964946,-7.57936542096235,6.4043108442033025,-1.5714077434397393,0.00028766006767088416,-0.2531709918170268,20.420636187130782,True,-10.991330287407198,14.300735009380734,5.73022325763766,3.0938417324811023,-0.004521926834220505,-2.020562726457347,7.043466665451142,True,5.559693047564079,5.151667193568566,6.397363700483333,-1.5791249073549478,-0.0013585233521956979,-0.056250859482767285,25.15173802893074,True,8.312775192295012,14.726921367591071,5.035534393377333,3.0597439172441585,0.04130640687580503,1.7281747222962982,20.3146107014679,27.394078559466806,12.731213134912057,22.483945168057662,18.91142023574892,19.308809470896787,9.963179903663873
62,6.2,True,5.491504321764453,-8.219796385676407,6.378993745021599,-1.5712235169906565,0.00024401119371626225,-0.26319780898886047,19.780205438787757,True,-11.56369944873278,14.32808695606037,5.528166984991925,3.091250567449624,-0.0051164191490096315,-2.2983353941189097,6.4712774569522935,True,5.554365013266177,4.5119530111299255,6.391738614535056,-1.5799940041529075,-0.0006895436771789749,-0.06250683714257586,24.512013299084774,True,7.810907518071833,14.768090577428964,5.2083518656069625,3.080543900493154,0.03512230478043284,1.6025461997088082,19.812264854626598,28.271664592764147,12.731904577462654,23.104600801908497,19.732830930962933,19.37960263537339,10.501444750835237
63,6.300000000000001,True,5.491231817414072,-8.857695701972972,6.3526739641227135,-1.5710678624028134,0.00020927576875552392,-0.27363811934434573,19.142306306171413,True,-12.115815786396817,14.355905148381193,5.298333445580034,3.08842212550753,-0.005749167507848252,-2.6187420586632615,5.919331215390701,True,5.548486181202528,3.8728061856672995,6.385487930820799,-1.5804347424476908,-8.05063422095131e-05,-0.0696160539229331,23.872855423853313,True,7.2910425935273775,14.799867169255384,5.3686064855778435,3.098836832655912,0.02983781163952763,1.4764075351456147,19.292080693777677,29.135534828837905,12.730630635337173,23.72592674345801,20.540762592089592,19.41193587601228,11.065132831972125
64,6.4,True,5.491059319697517,-9.492963074965607,6.325310152188279,-1.5709349163300639,0.00018254824941254247,-0.2845548417074949,18.50703908463887,True,-12.64490036012048,14.384063395009314,5.036459239713707,3.0853760248584226,-0.006405624771946033,-2.9540510218172047,5.390405370137315,True,5.542331677812506,3.234287052645741,6.378526325428505,-1.5804861496753442,0.0004274943833052566,-0.07748052377921945,23.234325615685254,True,6.75467257701934,14.822814094126764,5.516247239092405,3.114855579564254,0.02526620210793408,1.3524259068923035,18.755509545635956,29.983752709690414,12.727353403810618,24.3485880042567,21.3329070144307,19.404533808349633,11.651769369800734
65,6.5,True,5.49097165751842,-10.125494084109905,6.296854668017529,-1.5708194489005365,0.0001623178903802827,-0.2960943330535288,17.874508195980052,True,-13.147750655200802,14.412361760167189,4.741054137531987,3.082149858051542,-0.007040666867450714,-3.2283148335148653,4.887703182990764,True,5.5361510954989575,2.5964643647111467,6.3707782730505835,-1.5802134712575557,0.0008161385032023392,-0.08606220096039632,22.596493282971284,True,6.203245011658588,14.837561168014803,5.651489829781636,3.128793041326278,0.02126422899669602,1.231763506707095,18.203969768394202,30.814093186157223,12.722038671342954,24.973214868167236,22.106641895361367,19.355666556211514,12.259260387186012
66,6.6000000000000005,True,5.490957097864539,-10.755179550743332,6.267245234712176,-1.5707172396839622,0.00014659432433069454,-0.30851734549357007,17.244822820231583,True,-13.621018702638274,14.440527317587811,4.4182226541805,3.078811839773251,-0.00756247469895898,-3.380327183308867,4.414576637120401,True,5.530151730239414,1.959414786059519,6.362172052954544,-1.5796935275131556,0.001084995794665506,-0.09537915644282877,21.959435486210612,True,5.6381423222482745,14.844794658353726,5.774666180452345,3.1408104987175753,0.017723825354262295,1.1143354728634252,17.63882516716919,31.624219572882335,12.714654748307801,25.600397321071235,22.859254121116926,19.26340352755242,12.88583239147891
67,6.7,True,5.4910066636964,-11.38190407225454,6.236393500162819,-1.5706253654259024,0.0001332451136666545,-0.32222023158895496,16.618098361240015,True,-14.061970548109636,14.468247061355349,4.080189935849614,3.0754705700695903,-0.007815202481620875,-3.393232524900341,3.973768633389863,True,5.524491252744917,1.323222762132393,6.352634137310261,-1.5790032345209162,0.001245526725509347,-0.10550018695597421,21.323236827109106,True,5.060675880840323,14.84524632663652,5.886099727738688,3.1510454162037256,0.014564797294301067,0.9990793086981935,17.061377734828632,32.41217720974447,12.705170958927027,26.23068055977056,23.588580917543485,19.126362301615412,13.529975830659119
68,6.800000000000001,True,5.491113281932917,-12.005543413157023,6.204171477003924,-1.5705422685298225,0.00012041527140963029,-0.3377410164321136,15.994459055628068,True,-14.469097910599473,14.495206472293914,3.7408666833595796,3.0722818190183765,-0.007544689942572755,-3.28838267592041,3.566803340604436,True,5.519277763051489,0.687980741835866,6.342084118614664,-1.578211996961376,0.001315597556531311,-0.11653970816180043,20.687989723671073,True,4.472092205410595,14.839682419152792,5.986007658608507,3.159618401142581,0.011728632480825878,0.8842305758584019,16.47287234668797,33.1767957365042,12.693555400729323,26.864559440685248,24.29351033594825,18.944322281063577,14.190393157199923
69,6.9,True,5.491270904035389,-12.625960540834816,6.170397375360713,-1.570467560830595,0.00010683557161202332,-0.3557522407504686,15.374041937274805,True,-14.842286383957065,14.521113976606888,3.4120284157675385,3.0694594510941315,-0.006333764789353424,-3.1049387999874187,3.1938201427669997,True,5.514574725757628,0.053789768140989125,6.3304301477984835,-1.5773776339243994,0.0013152588706674413,-0.12865379808221533,20.053795064461667,True,3.8735886878640535,14.82889277719333,6.074430716194347,3.166639169528104,0.009173298281063695,0.767607257664712,15.874510874769724,33.91780073707026,12.679771723736941,27.502470188456854,24.97409185522224,18.71840558098113,14.865951167169532
70,7.0,True,5.491473765696058,-13.243000245023882,6.1348221512856655,-1.570401639037528,9.191541502007438e-05,-0.37704827725989914,14.757002218100958,True,-15.182601937236681,14.545704692254057,3.1015345357687965,3.067298352550125,-0.003854574417301581,-2.925079650808772,2.853789773389498,True,5.510408505326997,-0.5792395370012632,6.317564767990262,-1.5765450184836962,0.0012639016698699163,-0.14203790121381252,19.42076325220402,True,3.2663361392959342,14.813680035297875,6.151191441960818,3.1722114260128347,0.006868827502029044,0.6469024477339712,15.267473079957261,34.63566843965465,12.6637748635398,28.14477830448514,25.631321056748778,18.45088417762722,15.555636719313489
71,7.1000000000000005,True,5.491715899609446,-13.856482412368802,6.097117323559676,-1.570345250565117,7.564763387701871e-05,-0.4025355458126473,14.143520013700702,True,-15.49189981626567,14.568726134299123,2.8090265706879194,3.06610284298253,-0.0007471758439903753,-2.790029113863916,2.544909365554058,True,5.506776752122922,-1.210985574856811,6.303360977868881,-1.5757465404177189,0.0011785994674756,-0.15692614576371278,18.789015647250075,True,2.6515053125097623,14.79484878494236,6.215881686734215,3.1764365733075133,0.004793508047776143,0.5199722625579467,14.652941511639956,35.33135448058968,12.645505806285655,28.791762286409092,26.26677976547306,18.14481416603677,16.258514955161136
72,7.2,True,5.491990926069603,-14.46619408269582,6.0568637689784115,-1.5702991273152171,5.841924987447658e-05,-0.43323105794836436,13.53380828712018,True,-15.77200246176045,14.589911287948135,2.530023659301528,3.0658929593026554,0.0022157419188000107,-2.638448452931115,2.2654239740397046,True,5.5036564665283025,-1.8413139495877995,6.287668363292509,-1.5750036266285365,0.0010733594593369253,-0.17359206296989763,18.15868641854862,True,2.0302944403676815,14.773194599036321,6.267878912990009,3.1794161611964515,0.002930573983500726,0.3850900602298675,14.032127521274832,36.00575890198184,12.624885522656424,29.443593412498526,26.88194237103247,17.803240372573875,16.97368958350183
73,7.300000000000001,True,5.492292073008637,-15.071880384728608,6.0135406631835755,-1.5702637435714195,4.1075473129436016e-05,-0.4702711623397808,12.928121913058503,True,-16.024280265885935,14.609045203174224,2.2661788140084163,3.0664535472504024,0.004591550994554058,-2.436889463315307,2.014029324744016,True,5.501011063726976,-2.4700752209074586,6.270309156995519,-1.5743287337970453,0.0009589924124627484,-0.19235077793290706,17.529924808249824,True,1.4039548425545307,14.749492934742245,6.306387919012996,3.1812530094838656,0.00126541705332278,0.241112891447222,13.406295506626172,36.65951757687911,12.601808180087035,30.100312423115565,27.47789149998582,17.428801007538627,17.700265454125628
74,7.4,True,5.492612344080587,-15.673234365761465,5.966513546949598,-1.5702390426686272,2.2960593352124287e-05,-0.5149300890491673,12.326767848016939,True,-16.250258718933825,14.626057049890235,2.0224898676768857,3.067494074809132,0.006238225753361766,-2.193828660825986,1.7892534422501172,True,5.498796139936068,-3.0971022245967887,6.251074079202228,-1.5737274159065098,0.000843359742955534,-0.21356260478120803,16.90289781827394,True,0.773811965342517,14.724488132209617,6.330499208157718,3.182051030565624,-0.00021654786331999908,0.08750531077960433,12.776782807703237,37.293424384916094,12.576133661478252,30.761804402180893,28.055868582579432,17.02435524010245,18.437314291836934
75,7.5,True,5.492944848392265,-16.269885627806733,5.915020538044681,-1.570225343199499,6.588967767541057e-06,-0.5686470996892584,11.730116493875892,True,-16.451952725621943,14.641029702115217,1.8031070015942872,3.0687557496469777,0.007199213414437238,-1.936060091101961,1.5891224114185856,True,5.496963897042679,-3.722206947281492,6.229717818724107,-1.5732002254836466,0.000731824220532719,-0.23763792201167042,16.277793335862576,True,0.14128008731832797,14.698882946640135,6.339249739235679,3.1819139449578966,-0.001531204847299627,-0.0757874869443001,12.145013529779895,37.90861664671475,12.547679324180217,31.427773429445626,28.617536601713812,16.59333366693805,19.183844816659796
76,7.6000000000000005,True,5.49328258634328,-16.861387585189785,5.8581558280757555,-1.570221445811532,-7.426353147426388e-06,-0.6330611884343583,11.138614440360636,True,-16.631785343720765,14.654151365870513,1.609500992484091,3.070053844858332,0.007636648034768784,-1.6887209578262095,1.4112486043878087,True,5.495466337435441,-4.345176929162248,6.2059540265229405,-1.572744319644964,0.0006277779427004794,-0.26504361133244103,15.654823727315813,True,-0.4921296367354919,14.67332919861641,6.331670990541249,3.1809432759650007,-0.002696198645367221,-0.24858619126989323,11.512505987411178,38.50646473367488,12.516210846531234,32.097718331916504,29.164871723079163,16.139667100943907,19.938778319703097
77,7.7,True,5.493619360563045,-17.44720307119481,5.79484970923232,-1.570225796284929,-1.8682472964204617e-05,-0.7100528022801874,10.55279885779881,True,-16.79232376328678,14.665655725536244,1.4406288967014702,3.071282964117453,0.007785860841557979,-1.4676091824219986,1.253103342341923,True,5.494257422792863,-4.96577115433563,6.179449665389696,-1.5723547235398376,0.0005331690250799878,-0.29631141468665534,15.034229942401426,True,-1.1248065784461734,14.648420108865173,6.306812371414259,3.17923613169024,-0.003730688701712906,-0.43078441861353806,10.880874982098543,39.08834814901055,12.481431933168341,32.7709107170758,29.69990946625048,15.667526665168237,20.70093010378812
78,7.800000000000001,True,5.4939499744010885,-18.0266879478054,5.723844429004301,-1.5702366224972315,-2.6869437377538304e-05,-0.801792649468551,9.973313887232258,True,-16.936030715601856,14.675776399250294,1.2938679784592704,3.0724046177288575,0.007878918719274354,-1.279279381176862,1.1122731595367228,True,5.493294419758247,-5.58371537050405,6.149818523921031,-1.572025254424475,0.00044898039141209634,-0.33204857034105045,14.416286189010245,True,-1.7550410207796017,14.624684680094823,6.263733929552905,3.1768832563244542,-0.004654720552521427,-0.6226498339474763,10.251831352264052,39.655456221361945,12.442972594570207,33.44637506418599,30.224520389849705,15.18107566933469,21.468996233256963
79,7.9,True,5.4942703404169695,-18.599072301050708,5.643665164057446,-1.5702520021451758,-3.1764474484351924e-05,-0.9107981911460246,9.400929445000157,True,-17.065107950681323,14.684721277173601,1.1659400403415843,3.0734240457924327,0.0,0.0,0.9866224287671147,True,5.492538651758388,-6.198696758504006,6.116613666886925,-1.5717491396316767,0.00037562658753134036,-0.3729516325867541,13.80130525839659,True,-2.3810244031593584,14.602584173613709,6.201468946158157,3.1739676632187126,-0.005488583530897191,-0.8250707653731031,9.627181875901071,40.208661552440695,12.400375663460201,34.12287004282944,30.740276008738515,14.684313267374353,22.24154409200606
80,8.0,True,5.494577539008156,-19.16343873384857,5.552585344942844,-1.570269928950986,-3.323787570184565e-05,-1.0399988599802072,8.836562929868773,False,-17.065107950681323,14.684721277173601,0.0,3.0734240457924327,0.0,0.0,0.9866224287671147,True,5.491955853044628,-6.81035784754363,6.07931850362825,-1.5715193833597827,0.00031325264747701886,-0.4198247793790232,13.189644605452951,True,-3.0008463253912288,14.582510419046395,6.118961869620847,3.170563935186187,-0.0062524474855558,-1.0397289126290385,9.008832577500225,40.67723374967215,12.353081164504252,34.798869390622144,31.15861925732939,14.064633024865122,23.01700461645084
81,8.1,True,5.494869825890028,-19.71869719141326,5.448585458944823,-1.5702883845651379,-3.127571539995889e-05,-1.1928114361338737,8.281304397629219,False,-17.065107950681323,14.684721277173601,0.0,3.0734240457924327,0.0,0.0,0.9866224287671147,True,5.491516283967521,-7.418289538989795,6.037336025690347,-1.5713289470981708,0.00026226717151439655,-0.473604027541759,12.581713321250463,True,-3.6124857373229142,14.564785482076106,6.014988978357943,3.1667380864105947,-0.006966457243755357,-1.269204268782801,8.398797960614559,41.14058579558751,12.300408109572672,35.472540218854235,31.580759712245424,13.453156841808164,23.793663866363076
82,8.200000000000001,True,5.495146582542832,-20.263555667019546,5.329304315331436,-1.5703054254059525,-2.6018969446772205e-05,-1.3732273658257625,7.736445855363198,False,-17.065107950681323,14.684721277173601,0.0,3.0734240457924327,0.0,0.0,0.9866224287671147,True,5.491194723208228,-8.022023055923933,5.989975622936171,-1.571170607593877,0.0002202515153411177,-0.535389411172937,11.977980180552864,True,-4.213794483469648,14.54966212579789,5.8880685514796625,3.1625477700566558,-0.007651390082271866,-1.5170329267796276,7.799217944549861,41.59744157964385,12.241533248972923,36.1417164743658,32.00598426114676,12.852023140615119,24.56965175667931
83,8.3,True,5.495408198821375,-20.79648603433879,5.19198157874886,-1.5703192917065678,-1.781257178466509e-05,-1.5859141695901815,7.203515429157776,False,-17.065107950681323,14.684721277173601,0.0,3.0734240457924327,0.0,0.0,0.9866224287671147,True,5.490970529927259,-8.62102057626193,5.936436681818877,-1.5710386774730962,0.00018453601347678597,-0.6064865438411673,11.378983006278908,True,-4.802472065825934,14.537324512560463,5.736365258801699,3.158042579124803,-0.008329997164920439,-1.7877409917929379,7.212383584495033,42.04631923503522,12.175466266789456,36.803865363697625,32.43353634376539,12.263521706702424,25.342926187104965
84,8.4,True,5.495655874551083,-21.31568413313867,5.033390161789842,-1.5703285399610254,-7.251861043574019e-06,-1.8363334676498935,6.684317278481029,False,-17.065107950681323,14.684721277173601,0.0,3.0734240457924327,0.0,0.0,0.9866224287671147,True,5.490826659983075,-9.214664227010328,5.87578802743476,-1.5709291288371443,0.00015998580495526468,-0.6884593301524321,10.785339674126995,True,-5.376030980419939,14.527888659996037,5.5575911596224055,3.1532641884905264,-0.009029291421756845,-2.0868748822308936,6.640772145595478,42.48549463151814,12.101020869737717,37.45604471442889,32.862605095125446,11.690129036349678,26.111250689484017
85,8.5,True,5.495891329907239,-21.819023094246194,4.849756815024852,-1.5703321901056286,4.791397511904093e-06,-2.1308785832860564,6.180978271328239,False,-17.065107950681323,14.684721277173601,0.0,3.0734240457924327,0.0,0.0,0.9866224287671147,True,5.490748628318318,-9.802243024572421,5.806942094419517,-1.5708351245694128,0.00014503106223318142,-0.7831922272632368,10.197761171833738,True,-5.931752242744992,14.521402245348368,5.3489036713993166,3.1482460774722054,-0.009784380638762434,-2.4210429885102935,6.087091805960218,42.91295890139342,12.016781170109091,38.094849408892884,33.292312727225564,11.134553535081452,26.87216488052985
86,8.6,True,5.496116424906345,-22.303998723511256,4.636668956696247,-1.570329866394355,1.554784300439626e-05,-2.469999027616403,5.69600260041346,False,-17.065107950681323,14.684721277173601,0.0,3.0734240457924327,0.0,0.0,0.9866224287671147,True,5.4907260986753235,-10.382937233577323,5.728622871693193,-1.5707509058713847,0.00013791192911652878,-0.8929595826764205,9.617067237914018,True,-6.466630770652011,14.51784341926235,5.106799372548287,3.143012506520101,-0.01064525202330557,-2.7821135905998853,5.5543361436488325,43.32636902181713,11.921062708601223,38.716345117432994,33.72170151213814,10.59979088261005,27.622948076215255
87,8.700000000000001,True,5.496332707144374,-22.767665568737332,4.389669053934607,-1.5703226573742548,1.735060007684807e-05,-2.8079485697299673,5.232335716447648,False,-17.065107950681323,14.684721277173601,0.0,3.0734240457924327,0.0,0.0,0.9866224287671147,True,5.490752118609443,-10.955799520155718,5.639326913425551,-1.570671901328243,0.00013682524767233366,-1.0204974640222426,9.044205207917706,True,-6.9773101931460575,14.517118329100617,4.828588013488298,3.1375761898847774,-0.011676278788462053,-3.1048632824623716,5.045848551429687,43.72299034846945,11.811867366873175,39.31598755611312,34.149716400340765,10.089189974677666,28.360573364528083
88,8.8,True,5.496540632336358,-23.206632424886887,4.10887419696161,-1.5703150410350324,5.256096114032774e-06,-3.07539946991378,4.793368823423709,False,-17.065107950681323,14.684721277173601,0.0,3.0734240457924327,0.0,0.0,0.9866224287671147,True,5.4908222861975435,-11.519732207132956,5.537277167023326,-1.5705947410980796,0.00014014074711626056,-1.169074461305365,8.48027275912566,True,-7.4601650997656925,14.519057708736533,4.518101685242061,3.1319381959047656,-0.012916767439475204,-3.3178540280441315,4.565238921339298,44.099690159435774,11.686901616733987,39.888643991573055,34.57518432723291,9.606371405856772,29.081723720477182
89,8.9,True,5.496738386592731,-23.617519796994895,3.801334249970232,-1.5703128813712623,-1.7890190683944173e-05,-3.2227490744335445,4.382481416715157,False,-17.065107950681323,14.684721277173601,0.0,3.0734240457924327,0.0,0.0,0.9866224287671147,True,5.490933909784406,-12.073459912584429,5.42036972089279,-1.570517141282162,0.0001465454988870062,-1.3425628079923329,7.926545272147119,True,-7.911954212167387,14.52341962312819,4.186316282437648,3.1261022690311484,-0.014342578631292478,-3.3884928015571654,4.115731674810111,44.45333037524283,11.544061343686892,40.42925051318096,34.9967896384083,9.154574899167597,29.783072558867477
90,9.0,True,5.496922160350257,-23.997653177569624,3.4790593425268774,-1.5703196820307208,-4.3805083191938396e-05,-3.23557420224702,4.002348005872982,False,-17.065107950681323,14.684721277173601,0.0,3.0734240457924327,0.0,0.0,0.9866224287671147,True,5.491085238652414,-12.615496863549295,5.2861134400935565,-1.5704377082036718,0.00015501934129637297,-1.5455156858471266,7.384508517512875,True,-8.330535615664346,14.529904128702475,3.8474670022819315,3.120098011985516,-0.01583546047281095,-3.3273141157274666,3.6994538780904977,44.78137220081657,11.382157810645912,40.93374232263094,35.41304507841145,8.735944266368957,30.46161515859964
91,9.1,True,5.4970879878859655,-24.3455590723019,3.155501922302175,-1.5703349220791136,-6.483003123312888e-05,-3.1290188664176766,3.6544420879047337,False,-17.065107950681323,14.684721277173601,0.0,3.0734240457924327,0.0,0.0,0.9866224287671147,True,5.491274808503845,-13.144108173567012,5.131561871508844,-1.5703557632213216,0.0001646529930601471,-1.7832583714404238,6.855897378514157,True,-8.715193439052847,14.538173484330562,3.5147355907091846,3.1140053708220083,-0.017147995235311003,-3.1703014352006837,3.3171128822240643,45.082318814907424,11.201452407157882,41.39968116899246,35.82225777051572,8.351200429105445,31.114826977761087
92,9.200000000000001,True,5.497233584227561,-24.661109230942696,2.8426000356604075,-1.5703553792079314,-7.754688080307602e-05,-2.933915906096845,3.3388919151048153,False,-17.065107950681323,14.684721277173601,0.0,3.0734240457924327,0.0,0.0,0.9866224287671147,True,5.491500886420145,-13.657264310917048,4.953236034364802,-1.5702712705192,0.00017440448427824746,-2.0620002214921285,6.342741383384493,True,-9.066533260693994,14.54786845494142,3.197705447189116,3.1079783039057225,-0.01786984740654456,-2.9751674013360345,2.9681054638694477,45.35585556365671,11.003846413313774,41.82639401006731,36.22248955145881,7.9997453563384635,31.74060290177621
93,9.3,True,5.497358927986142,-24.94536920687372,2.549208445050723,-1.570377422684545,-8.24010088719389e-05,-2.6841547652002267,3.0546319348780244,False,-17.065107950681323,14.684721277173601,0.0,3.0734240457924327,0.0,0.0,0.9866224287671147,True,5.49176095917468,-14.152587846077111,4.747036012215589,-1.5701848838615917,0.00018235224650886184,-2.387579971645804,5.847417958350406,True,-9.38612316413594,14.558615309727681,2.9001887070555123,3.102264053066488,-0.01785247809743556,-2.9042679769495456,2.6508814680919817,45.6027299996913,10.792782812565699,42.21472292784121,36.611510928755,7.680020186628478,32.33704721585682
94,9.4,True,5.497465715372597,-25.200290029011956,2.2807929685307005,-1.5703984284193147,-8.120356393902645e-05,-2.412606847502287,2.7997111179992205,False,-17.065107950681323,14.684721277173601,0.0,3.0734240457924327,0.0,0.0,0.9866224287671147,True,5.492051213318976,-14.627291358561745,4.508278015051008,-1.570098320593483,0.00017852440173365047,-2.7307515365782042,5.372714521449562,True,-9.675917772027262,14.570018405905415,2.6097619093605577,3.097086497529374,-0.017565405875894342,-2.8421354546315585,2.363523296614367,45.824489711623194,10.57300005685115,42.566524399628385,36.986747820098365,7.390080395029192,32.90213033562834
95,9.5,True,5.497556467751924,-25.428369307809913,2.039532283780472,-1.5704169492710798,-7.58961967262944e-05,-2.1430481143237223,2.5716318530971565,False,-17.065107950681323,14.684721277173601,0.0,3.0734240457924327,0.0,0.0,0.9866224287671147,True,5.492365893894643,-15.078119050242345,4.235202861393188,-1.5700178368299345,0.00015080196002033606,-3.023211253488491,4.921886870211804,True,-9.936635535076292,14.581629618856823,2.325548363897402,3.0925023448116375,-0.017424657083560925,-2.6854246368462227,2.105351916171686,46.023188306960286,10.350251559084663,42.8837299787698,37.34523116281362,7.129217830172981,33.43283978679222
96,9.600000000000001,True,5.497633843020824,-25.63232252151074,1.8252274723480997,-1.5704324285454236,-6.84081433519095e-05,-1.8888736283083003,2.3676786608076923,False,-17.065107950681323,14.684721277173601,0.0,3.0734240457924327,0.0,0.0,0.9866224287671147,True,5.4926956001540574,-15.50163920804515,3.932881736044339,-1.5699539691406763,9.797644422192197e-05,-3.206107134475197,4.498366722361992,True,-10.168910215619318,14.593041222902425,2.0570059002127796,3.0884501565344227,-0.017579333162502896,-2.430879200040312,1.8757679080099554,46.20109671765709,10.130684517048824,43.168512727584925,37.683827570745215,6.896807118763398,33.92603258516276
97,9.700000000000001,True,5.497700262727566,-25.814845256660544,1.6363401095172696,-1.5704449145876815,-6.020356827595805e-05,-1.6570685939013847,2.185155953503193,False,-17.065107950681323,14.684721277173601,0.0,3.0734240457924327,0.0,0.0,0.9866224287671147,True,5.493026889418229,-15.894927242117552,3.6122710225968193,-1.569915436163872,3.264786079031711e-05,-3.254501295200725,4.105078680339732,True,-10.374320411903893,14.603967521334853,1.8139179802087484,3.084834077330715,-0.017997290445217886,-2.128125363098496,1.6732231911224478,46.360491842769854,9.919919115379553,43.42351283208871,37.99979409190922,6.691274845508993,34.37957667239257
98,9.8,True,5.497757765715346,-25.978479257508646,1.470633250127131,-1.5704547659390322,-5.2193323016299045e-05,-1.4504107105703306,2.021521986013851,False,-17.065107950681323,14.684721277173601,0.0,3.0734240457924327,0.0,0.0,0.9866224287671147,True,5.4933450909471295,-16.256154204226853,3.286820893076747,-1.569903642871724,-2.8281705643310642e-05,-3.176670320673437,3.7438517105172275,True,-10.555420108253598,14.61425753451708,1.6011054438988988,3.081569516457353,-0.018570120401187985,-1.8270333626703912,1.4951950753379604,46.503535210346435,9.722326054672791,43.65174452550511,38.29127288543545,6.510069196627676,34.792889867595875
99,9.9,True,5.497807996789527,-26.125542573942873,1.325592179070098,-1.5704624416626585,-4.485096501257383e-05,-1.2689758857933935,1.8744587077283896,False,-17.065107950681323,14.684721277173601,0.0,3.0734240457924327,0.0,0.0,0.9866224287671147,True,5.493638500125121,-16.58483616257369,2.9691538610094033,-1.569912938561824,-7.386025550056576e-05,-3.001045917471368,3.4151697622731807,True,-10.715242317933532,14.623862102068506,1.4184021076318596,3.078596244370533,-0.01918118727342383,-1.5576643774168835,1.338686677265867,46.63220787878672,9.540707322449602,43.85632202952135,38.55751890240641,6.350157273103241,35.16689728633322
100,10.0,True,5.497852256340705,-26.25810178446108,1.1986945904907587,-1.5704683870715028,-3.83650574739442e-05,-1.1112490595638151,1.7418995396120014,False,-17.065107950681323,14.684721277173601,0.0,3.0734240457924327,0.0,0.0,0.9866224287671147,True,5.493900791649306,-16.881751432822,2.6690492692622665,-1.5699348688081034,-0.00010172818623503611,-2.762234597255328,3.118254532114105,True,-10.856801171951123,14.632791617092925,1.2626356698901713,3.0758755807249822,-0.019767617045666114,-1.3316803988168215,1.200727095109274,46.74828268032939,9.376351184269684,44.040207219503294,38.79885403961626,6.20852395891515,35.50368823583584
101,10.100000000000001,True,5.497891566297245,-26.377971237064507,1.0875696845343772,-1.5704729858701887,-3.276087723563544e-05,-0.9749188502101802,1.6220301332844356,False,-17.065107950681323,14.684721277173601,0.0,3.0734240457924327,0.0,0.0,0.9866224287671147,True,5.494130719001882,-17.148656260711842,2.392825809536734,-1.569962020562217,-0.00011441954399090567,-2.494097839833271,2.851349780023,True,-10.982792187692246,14.641083317841886,1.1294676300084892,3.0733796508859235,-0.020416857314259906,-1.1495727932439437,1.0786718306099015,46.85332073313525,9.22931574260519,44.20606037159837,39.0164474910938,6.082472302624981,35.80609628185412
102,10.200000000000001,True,5.49792673187538,-26.486728199832708,0.9900777995133592,-1.5704765488438808,-2.7981007786153577e-05,-0.8574051059443648,1.5132732204140378,False,-17.065107950681323,14.684721277173601,0.0,3.0734240457924327,0.0,0.0,0.9866224287671147,True,5.494330353927384,-17.38793875838718,2.1434160255534067,-1.5699893991660145,-0.00011536079030844756,-2.2238465662951117,2.6120673947703765,True,-11.095476281147265,14.648781782272552,1.0145103506840947,3.0710736329416277,0.0,0.0,0.9703181923631167,46.948682474846294,9.098790152195784,44.35618564575262,39.212036141675995,5.969739853393758,36.07732178515329
103,10.3,True,5.497958392379848,-26.585735974721878,0.9043372889189227,-1.5704793191813424,-2.393323292715238e-05,-0.7561766309549285,1.4142654988924643,False,-17.065107950681323,14.684721277173601,0.0,3.0734240457924327,0.0,0.0,0.9866224287671147,True,5.494503312069735,-17.602280291160163,1.9210313689238956,-1.5700141257826814,-0.00010875874796812466,-1.9666478053439678,2.39772600931324,False,-11.095476281147265,14.648781782272552,0.0,3.0710736329416277,0.0,0.0,0.9703181923631167,47.035546181392554,8.983456347981951,44.44803177775705,39.387644390088006,5.969739853393758,36.2678704608882
104,10.4,True,5.497987060559949,-26.676169699069753,0.8287196258234298,-1.5704814835528405,-2.0516698288640545e-05,-0.6689185690593723,1.323831831308742,False,-17.065107950681323,14.684721277173601,0.0,3.0734240457924327,0.0,0.0,0.9866224287671147,True,5.494653575322539,-17.794383369284514,1.7243665883894987,-1.5700350186793306,-9.827073318524515e-05,-1.7304717324465644,2.2056231105847535,False,-11.095476281147265,14.648781782272552,0.0,3.0710736329416277,0.0,0.0,0.9703181923631167,47.11492925639377,8.881786955342026,44.531950783767336,39.54535470501865,5.969739853393758,36.43887174029594
105,10.5,True,5.498013152236894,-26.759041657544703,0.7618277689174926,-1.5704831838118933,-1.7634952604395493e-05,-0.593601360213271,1.2409599329847165,False,-17.065107950681323,14.684721277173601,0.0,3.0734240457924327,0.0,0.0,0.9866224287671147,True,5.494784852737653,-17.96681997815218,1.5513194151448424,-1.5700519641562227,-8.644021379108694e-05,-1.518715669932507,2.0331867103151318,False,-11.095476281147265,14.648781782272552,0.0,3.0710736329416277,0.0,0.0,0.9703181923631167,47.18770941775077,8.792222272070783,44.60887505417404,39.687175632060246,5.969739853393758,36.59254353943045
106,10.600000000000001,True,5.498037008338513,-26.835224430701267,0.7024676328961655,-1.570484527291553,-1.5201580149876753e-05,-0.5284910682521243,1.1647772234086013,False,-17.065107950681323,14.684721277173601,0.0,3.0734240457924327,0.0,0.0,0.9866224287671147,True,5.494900327148318,-18.121951876689245,1.3994478481515917,-1.570065373794413,-7.477822757536462e-05,-1.3318630269051646,1.878055047152304,False,-11.095476281147265,14.648781782272552,0.0,3.0710736329416277,0.0,0.0,0.9703181923631167,47.25464423764736,8.71327311859717,44.679608937035155,39.814969256802485,5.969739853393758,36.73093492618576
107,10.700000000000001,True,5.498058911244064,-26.905471190576225,0.649618526070953,-1.5704855951533554,-1.3141892780470772e-05,-0.47212874876889627,1.094530530631368,False,-17.065107950681323,14.684721277173601,0.0,3.0734240457924327,0.0,0.0,0.9866224287671147,True,5.495002620199571,-18.261896624118695,1.2662615454610753,-1.5700758386173799,-6.405535287227308e-05,-1.1686679312937138,1.738110560078058,False,-11.095476281147265,14.648781782272552,0.0,3.0710736329416277,0.0,0.0,0.9703181923631167,47.316388369607864,8.64357510679617,44.74484719286279,39.930417229276806,5.969739853393758,36.8558915689872
108,10.8,True,5.498079096946837,-26.97043304004715,0.6024056511940634,-1.5704864488750572,-1.1392678524181745e-05,-0.42329657344299626,1.0295687519029948,False,-17.065107950681323,14.684721277173601,0.0,3.0734240457924327,0.0,0.0,0.9866224287671147,True,5.495093852838993,-18.38852274579878,1.1493947523317039,-1.5700839497003922,-5.458061432797964e-05,-1.0269977730653896,1.6114847225735234,False,-11.095476281147265,14.648781782272552,0.0,3.0710736329416277,0.0,0.0,0.9703181923631167,47.373508324143884,8.581910813461565,44.80519079874866,40.035011872342935,5.969739853393758,36.96904797058262
109,10.9,True,5.4980977641675475,-27.030673602274277,0.5600759938497638,-1.5704871351764498,0.0,0.0,0.9693282642268765,False,-17.065107950681323,14.684721277173601,0.0,3.0734240457924327,0.0,0.0,0.9866224287671147,True,5.495175733081478,-18.503462191867147,1.0466949750251648,-1.570090223167561,-4.640374780753077e-05,-0.9043939562596734,1.4965455839106223,False,-11.095476281147265,14.648781782272552,0.0,3.0710736329416277,0.0,0.0,0.9703181923631167,47.42649493773343,8.527211911055291,44.8611602697676,40.130062569930836,5.969739853393758,37.07183587007952
110,11.0,False,5.4980977641675475,-27.030673602274277,0.0,-1.5704871351764498,0.0,0.0,0.9693282642268765,False,-17.065107950681323,14.684721277173601,0.0,3.0734240457924327,0.0,0.0,0.9866224287671147,True,5.495249640587194,-18.608131663276485,0.9562555793991975,-1.5700950802245264,-3.94438372409719e-05,-0.7984107338828809,1.3918764430394086,False,-11.095476281147265,14.648781782272552,0.0,3.0710736329416277,0.0,0.0,0.9703181923631167,47.42649493773343,8.42254242055121,44.8611602697676,40.21671035229439,5.969739853393758,37.16550118772586
111,11.100000000000001,False,5.4980977641675475,-27.030673602274277,0.0,-1.5704871351764498,0.0,0.0,0.9693282642268765,False,-17.065107950681323,14.684721277173601,0.0,3.0734240457924327,0.0,0.0,0.9866224287671147,True,5.495316697676244,-18.703757197704626,0.8764145060109094,-1.5700988520634698,-3.3564477211154245e-05,-0.7067942520483432,1.2962512626120064,False,-11.095476281147265,14.648781782272552,0.0,3.0710736329416277,0.0,0.0,0.9703181923631167,47.42649493773343,8.326916868987103,44.8611602697676,40.29594589014665,5.969739853393758,37.25112438674941
112,11.200000000000001,False,5.4980977641675475,-27.030673602274277,0.0,-1.5704871351764498,0.0,0.0,0.9693282642268765,False,-17.065107950681323,14.684721277173601,0.0,3.0734240457924327,0.0,0.0,0.9866224287671147,True,5.495377825368507,-18.791398626988205,0.8057350808060751,-1.5701017937029411,-2.8614656457931258e-05,-0.6275569476702617,1.2086102115009294,False,-11.095476281147265,14.648781782272552,0.0,3.0710736329416277,0.0,0.0,0.9703181923631167,47.42649493773343,8.2392754242374,44.8611602697676,40.36862794657709,5.969739853393758,37.329641115172784
113,11.3,False,5.4980977641675475,-27.030673602274277,0.0,-1.5704871351764498,0.0,0.0,0.9693282642268765,False,-17.065107950681323,14.684721277173601,0.0,3.0734240457924327,0.0,0.0,0.9866224287671147,True,5.495433786331705,-18.87197211563544,0.742979386039049,-1.5701040992861945,-2.4449220557680764e-05,-0.5589900510960227,1.1280371262557136,False,-11.095476281147265,14.648781782272552,0.0,3.0710736329416277,0.0,0.0,0.9703181923631167,47.42649493773343,8.158701921559622,44.8611602697676,40.435500676095266,5.969739853393758,37.40186143430951
114,11.4,False,5.4980977641675475,-27.030673602274277,0.0,-1.5704871351764498,0.0,0.0,0.9693282642268765,False,-17.065107950681323,14.684721277173601,0.0,3.0734240457924327,0.0,0.0,0.9866224287671147,True,5.495485217404539,-18.946270036438342,0.6870803809294468,-1.5701059158128825,-2.0937842147082294e-05,-0.4996440208730443,1.0537396354743125,False,-11.095476281147265,14.648781782272552,0.0,3.0710736329416277,0.0,0.0,0.9703181923631167,47.42649493773343,8.08440398796976,44.8611602697676,40.49720904991015,5.969739853393758,37.468486894299566
115,11.5,False,5.4980977641675475,-27.030673602274277,0.0,-1.5704871351764498,0.0,0.0,0.9693282642268765,False,-17.065107950681323,14.684721277173601,0.0,3.0734240457924327,0.0,0.0,0.9866224287671147,True,5.495532654184823,-19.01497805815585,0.6371159788421423,-1.5701073544109383,0.0,0.0,0.9850320721139239,False,-11.095476281147265,14.648781782272552,0.0,3.0710736329416277,0.0,0.0,0.9703181923631167,47.42649493773343,8.015695954549999,44.8611602697676,40.55431222192703,5.969739853393758,37.53012528737826
116,11.600000000000001,False,5.4980977641675475,-27.030673602274277,0.0,-1.5704871351764498,0.0,0.0,0.9693282642268765,False,-17.065107950681323,14.684721277173601,0.0,3.0734240457924327,0.0,0.0,0.9866224287671147,False,5.495532654184823,-19.01497805815585,0.0,-1.5701073544109383,0.0,0.0,0.9850320721139239,False,-11.095476281147265,14.648781782272552,0.0,3.0710736329416277,0.0,0.0,0.9703181923631167,47.42649493773343,8.015695954549999,44.8611602697676,40.55431222192703,5.969739853393758,37.53012528737826
117,11.700000000000001,False,5.4980977641675475,-27.030673602274277,0.0,-1.5704871351764498,0.0,0.0,0.9693282642268765,False,-17.065107950681323,14.684721277173601,0.0,3.0734240457924327,0.0,0.0,0.9866224287671147,False,5.495532654184823,-19.01497805815585,0.0,-1.5701073544109383,0.0,0.0,0.9850320721139239,False,-11.095476281147265,14.648781782272552,0.0,3.0710736329416277,0.0,0.0,0.9703181923631167,47.42649493773343,8.015695954549999,44.8611602697676,40.55431222192703,5.969739853393758,37.53012528737826
118,11.8,False,5.4980977641675475,-27.030673602274277,0.0,-1.5704871351764498,0.0,0.0,0.9693282642268765,False,-17.065107950681323,14.684721277173601,0.0,3.0734240457924327,0.0,0.0,0.9866224287671147,False,5.495532654184823,-19.01497805815585,0.0,-1.5701073544109383,0.0,0.0,0.9850320721139239,False,-11.095476281147265,14.648781782272552,0.0,3.0710736329416277,0.0,0.0,0.9703181923631167,47.42649493773343,8.015695954549999,44.8611602697676,40.55431222192703,5.969739853393758,37.53012528737826
119,11.9,False,5.4980977641675475,-27.030673602274277,0.0,-1.5704871351764498,0.0,0.0,0.9693282642268765,False,-17.065107950681323,14.684721277173601,0.0,3.0734240457924327,0.0,0.0,0.9866224287671147,False,5.495532654184823,-19.01497805815585,0.0,-1.5701073544109383,0.0,0.0,0.9850320721139239,False,-11.095476281147265,14.648781782272552,0.0,3.0710736329416277,0.0,0.0,0.9703181923631167,47.42649493773343,8.015695954549999,44.8611602697676,40.55431222192703,5.969739853393758,37.53012528737826
120,12.0,False,5.4980977641675475,-27.030673602274277,0.0,-1.5704871351764498,0.0,0.0,0.9693282642268765,False,-17.065107950681323,14.684721277173601,0.0,3.0734240457924327,0.0,0.0,0.9866224287671147,False,5.495532654184823,-19.01497805815585,0.0,-1.5701073544109383,0.0,0.0,0.9850320721139239,False,-11.095476281147265,14.648781782272552,0.0,3.0710736329416277,0.0,0.0,0.9703181923631167,47.42649493773343,8.015695954549999,44.8611602697676,40.55431222192703,5.969739853393758,37.53012528737826
